ID,Included from paper (ID),Snowballing Direction,Title,Authors,Venue,Venue Type,Year,I1,I2,I3,E1,E2,E3,E4,E5,E6,Included,Notes
IL5CDLN3,KSR7NJ2X,B,Anole: a case for energy-aware mobile application design,"Chen, Hui; Luo, Bing; Shi, Weisong",2012 41st International Conference on Parallel Processing Workshops,C,2012,x,x,x,,,,,,,x,"Makes the implementation of a framework to make energy-management apis available to application and OS developers. However, they mainly focus on one possible implementation of such framework, rather than on the use energy-management frameworks from the perspective of software developers."
DQRV7XAC,S2IRVNC6,B,Refactoring android java code for on-demand computation offloading,"Zhang, Ying; Huang, Gang; Liu, Xuanzhe; Zhang, Wei; Mei, Hong; Yang, Shunxiang",ACM Sigplan Notices,J,2012,x,x,x,,,,,,,x,"Paper proposes a program, DPartner, that automatically refactors an application to offload available classes to the cloud. Although technical implementation of DPartner are outside the scope of this research, the main algorithm to identify movable classes is of interest to software developers writing application level software. As such, it will be included in the snowballing."
ILXTNC4I,KSR7NJ2X,B,Studying energy trade offs in offloading computation/compilation in java-enabled mobile devices,"Chen, Guangyu; Kang, B.-T.; Kandemir, Mahmut; Vijaykrishnan, Narayanan; Irwin, Mary Jane; Chandramouli, Rajarathnam",IEEE Transactions on Parallel and Distributed Systems,J,2004,x,x,x,,,,,,,x,Paper describes the use of a proxy to stand in for class interfaces that chooses at run time whether an application should offload certain parts of its code to a remote server or execute locally with some optimizations.
4MWD3GI2,KSR7NJ2X,B,Manageable granularity in mobile application code offloading for energy savings,"Yang, Sirui",2012 IEEE International Conference on Green Computing and Communications,C,2012,x,x,x,,,,,,,x,Paper implements a semi-automatic method offloading technique named MACO where application code is partitioned into computational and UI codes.
4GW9NRNL,S2IRVNC6,B,Estimating mobile application energy consumption using program analysis,"Hao, Shuai; Li, Ding; Halfond, William GJ; Govindan, Ramesh",2013 35th international conference on software engineering (ICSE),C,2013,x,x,x,,,,,,,x,"Paper proposes a new energy consumption measurement approach that is both lightweight in terms of its developer requirements and provides fine-grained estimates of energy consumption at the code level.KSR7NJ2X. Paper proposes a technique that measures energy consumption of applications written for Android mobile devices and provides accurate estimates with a 10% difference from ground truth of their energy consumption. However, the paper focuses on the implementation of the technique itself instead of focusing on application software energy efficiency tactics."
Y2YHD6TU,KSR7NJ2X,B,Initial explorations on design pattern energy usage,"Sahin, Cagri; Cayci, Furkan; Gutierrez, Irene Lizeth Manotas; Clause, James; Kiamilev, Fouad; Pollock, Lori; Winbladh, Kristina",2012 First International Workshop on Green and Sustainable Software (GREENS),C,2012,x,x,x,,,,,,,x,"Paper proposes a novel way of measuring software consumption by analyzing different software components. Paper also describes design patterns and their energy consumption. They find that some patterns increase energy efficiency, while others significantly decrease efficiency."
G5W86TY3,RL4Q2U3X,B,Extending software architecture views with an energy consumption perspective,"Jagroep, Erik; van der Werf, Jan Martijn; Brinkkemper, Sjaak; Blom, Leen; van Vliet, Rob",Computing,J,2017,x,x,x,,,,,,,x,Paper explicitly proposes green software tactics at the application level.
MT89KSP5,RL4Q2U3X,B,Green software architectures: A market-based approach,"Rangaraj, Govindaraj; Bahsoon, Rami",The Second International Workshop on Software Research and Climate Change (WSRCC),C,2010,x,x,x,,,,,,,x,"Paper proposes a dynamic self-management software architecture framework for power based on economic theory. However, it is not immediately clear at which level this software tactic sits. After further examination, it seems that this application would sit at the DevOps level, qualifying under the application software level."
2GN8KRRP,RL4Q2U3X,B,Model-based energy efficiency analysis of software architectures,"Stier, Christian; Koziolek, Anne; Groenda, Henning; Reussner, Ralf",European conference on software architecture,C,2015,x,x,x,,,,,,,x,Paper proposes a modeling approach at design time that can estimate to high accuracy the energy efficiency of a software architecture.
M6QR5AHA,RL4Q2U3X,B,Differences of energetic consumption between Java and JNI Android apps,"Ramírez, Ricardo Isidro; Rubio, Erika Hernández; Viveros, Amilcar Meneses; Hernández, Irene Monserrat Torres",2014 International Symposium on Integrated Circuits (ISIC),C,2014,x,x,x,,,,,,,x,"Paper compares the an application using JNI and Java vs only Java. The paper finds that applications built with JNI perform better and have lower energy consumption. As such, one could extract a tactic to use JNI alongside Java to increase the energy efficiency of applications."
AAPZ4E7T,NEG9D9ZD,B,"Energy efficiency across programming languages: how do energy, time, and memory relate?","Pereira, Rui; Couto, Marco; Ribeiro, Francisco; Rua, Rui; Cunha, Jácome; Fernandes, João Paulo; Saraiva, João",Proceedings of the 10th ACM SIGPLAN International Conference on Software Language Engineering,C,2017,x,x,x,,,,,,,x,"Paper analyses programing languages and propose which language to use in order to achieve different energy, time, and memory objectives."
PSP8YZTG,NEG9D9ZD,B,"Program energy efficiency: The impact of language, compiler and implementation choices","Abdulsalam, Sarah; Lakomski, Donna; Gu, Qijun; Jin, Tongdan; Zong, Ziliang",International Green Computing Conference,C,2014,x,x,x,,,,,,,x,"Paper analyses the the impact of languages (C/C++/Java/Python), compiler optimization (GNU C/C++ compiler with O1, O2, and O3 flags) and implementation choices (e.g. using malloc instead of new to create dynamic arrays and using vector vs. array for Quicksort) on the energy-efficiency of three programs."
D6MBRAY4,NEG9D9ZD,B,Energy-efficient code by refactoring,"Gottschalk, Marion; Jelschen, Jan; Winter, Andreas","Softwaretechnik-Trends: Vol. 33, No. 2",J,2013,x,x,x,,,,,,,x,Paper proposes software energy efficiency tactics for mobile applications.
TFPBHQPQ,HFGU26NT,B,Greenadvisor: A tool for analyzing the impact of software evolution on energy consumption,"Aggarwal, Karan; Hindle, Abram; Stroulia, Eleni",2015 IEEE international conference on software maintenance and evolution (ICSME),C,2015,x,x,x,,,,,,,x,Paper proposes the measuring tool Green Advisor and conducts a case study where the energy efficiency of commits using Green Advisor is compared against those not using Green Advisor.
R3CPADII,JL65TSWG,B,Greenminer: A hardware based mining software repositories software energy consumption framework,"Hindle, Abram; Wilson, Alex; Rasmussen, Kent; Barlow, E. Jed; Campbell, Joshua Charles; Romansky, Stephen",Proceedings of the 11th working conference on mining software repositories,C,2014,x,x,x,,,,,,,x,"Paper proposes Green Miner, a green metrics as a service that allows developers to test the energy efficiency of their Android applications."
D8RELEFX,EUGXAZQP,B,Mining energy-greedy api usage patterns in android apps: an empirical study,"Linares-Vásquez, Mario; Bavota, Gabriele; Bernal-Cárdenas, Carlos; Oliveto, Rocco; Di Penta, Massimiliano; Poshyvanyk, Denys",Proceedings of the 11th working conference on mining software repositories,C,2014,x,x,x,,,,,,,x,"Paper analyzes Android API’s and proposes tactics at the application level to minimize energy consumption.HFGU26NT. Paper “quantitatively and qualitatively investigating energy-greedy API calls and patterns identified from 55 free Android apps.” (Linares-Vásquez et al., 2014, p. 9)"
AU5ZJQD5,HFGU26NT,B,Refactoring for energy efficiency: A reflection on the state of the art,"Pinto, Gustavo; Soares-Neto, Francisco; Castor, Fernando",2015 IEEE/ACM 4th International Workshop on Green and Sustainable Software,C,2015,x,x,x,,,,,,,x,Paper reviews code refactoring techniques for energy efficiency.
UHQWKP93,XY5NF3MV,B,Greening an existing software system using the GPU,"Scanniello, Giuseppe; Erra, Ugo; Caggianese, Giuseppe; Gravino, Carmine",Software-Practice & Experience,J,2013,x,x,x,,,,,,,x,Paper proposes to migrate energy intensive application software to the GPU whenever possible as well as giving some pros and cons of the migration.
55EMQ48G,XY5NF3MV,B,Impacts of software and its engineering on the carbon footprint of ICT,"Kern, Eva; Dick, Markus; Naumann, Stefan; Hiller, Tim",Environmental Impact Assessment Review,J,2015,x,x,x,,,,,,,x,Paper proposes to measure software’s energy consumption during the CI cycle to provide immediate feedback to developers on their software consumption.
85U3NXXL,JL65TSWG,B,Greenbundle: an empirical study on the energy impact of bundled processing,"Chowdhury, Shaiful Alam; Hindle, Abram; Kazman, Rick; Shuto, Takumi; Matsui, Ken; Kamei, Yasutaka",2019 IEEE/ACM 41st International Conference on Software Engineering (ICSE),C,2019,x,x,x,,,,,,,x,Paper proposes refactoring from the MVC architectural pattern to a bundled model-view-presenter architectural pattern.
XSNECSAB,JL65TSWG,B,Catalog of energy patterns for mobile applications,"Cruz, Luis; Abreu, Rui",Empirical Software Engineering,J,2019,x,x,x,,,,,,,x,Paper proposes 22 energy efficient design patterns for mobile applications collected from github commits and pull requests.
MP459RVF,JL65TSWG,B,Measuring application software energy efficiency,"Capra, Eugenio; Francalanci, Chiara; Slaughter, Sandra A.",IT Professional,J,2012,x,x,x,,,,,,,x,Paper proposes to refactor methods to use memory space instead of CPU power when performing computational intensive processes.
JZINRXHH,JL65TSWG,B,"Using the Greenup, Powerup, and Speedup metrics to evaluate software energy efficiency","Abdulsalam, Sarah; Zong, Ziliang; Gu, Qijun; Qiu, Meikang",2015 Sixth International Green and Sustainable Computing Conference (IGSC),C,2015,x,x,x,,,,,,,x,"Paper proposes a new method of measuring a system’s energy consumption by introducing the Greenup, Powerup, and Speedup metrics. These metrics help evaluate different software implementations and compare which ones give better performance. The paper also proposes 8 types of categorizations for software optimizations and rank them on their ability to improve energy efficiency."
5CUHSVVB,JL65TSWG,B,Green IT–Available data and guidelines for reducing energy consumption in IT systems,"Ardito, Luca; Morisio, Maurizio",Sustainable Computing: Informatics and Systems,J,2014,x,x,x,,,,,,,x,"Paper proposes a taxonomy for energy efficient tactics, and provides several tactics at the application layer. Paper also defines application, hardware, and OS level."
WJWP6D4S,JL65TSWG,B,Understanding green software development: A conceptual framework,"Ardito, Luca; Procaccianti, Giuseppe; Torchiano, Marco; Vetro, Antonio",IT Professional,J,2015,x,x,x,,,,,,,x,Paper proposes a framework to implement energy efficiency tactics and measure the energy savings from the resulting modifications.
3ENRR9HW,JL65TSWG,B,Green web services: Modeling and estimating power consumption of web services,"Bartalos, Peter; Blake, M. Brian",2012 IEEE 19th International Conference on Web Services,C,2012,x,x,x,,,,,,,x,Paper proposes a dynamic energy consumption measuring framework that correlates software architecture characteristics to the energy efficiency of a distributed system.
7UV7UTAY,JL65TSWG,B,Is software “green”? Application development environments and energy efficiency in open source applications,"Capra, Eugenio; Francalanci, Chiara; Slaughter, Sandra A.",Information and Software Technology,J,2012,x,x,x,,,,,,,x,Paper proposes a new measuring method to measure energy consumption of software for high level software applications. The paper also explores the relation between development environments and energy efficiency.
S5BDSYDG,JL65TSWG,B,An Aspect Oriented Model for Software Energy Efficiency in Decentralised Servers.,"Chinenyeze, Samuel; Liu, Xiaodong; Al-Dubai, Ahmed Yassin",ICT4S,C,2014,x,x,x,,,,,,,x,Paper proposes to use an aspect-oriented programming model to increase the energy efficiency of a server-client architecture.
42FPJLKU,JL65TSWG,B,Green software engineering: the curse of methodology,"Hindle, Abram","2016 IEEE 23rd International Conference on Software Analysis, Evolution, and Reengineering (SANER)",C,2016,x,x,x,,,,,,,x,Paper performs systematic literature review of tactics to improve on energy efficiency.
Z2IUW42Q,JL65TSWG,B,"Software optimization for performance, energy, and thermal distribution: Initial case studies","Khan, Md Ashfaquzzaman; Hankendi, Can; Coskun, Ayse Kivilcim; Herbordt, Martin C.",2011 International Green Computing Conference and Workshops,C,2011,x,x,x,,,,,,,x,Paper proposes an energy consumption measuring framework and proposes to use parallelization to increase the energy efficiency of a compression application.
WSRMLBPA,JL65TSWG,B,Monitoring energy hotspots in software,"Noureddine, Adel; Rouvoy, Romain; Seinturier, Lionel",Automated Software Engineering,J,2015,x,x,x,,,,,,,x,Paper proposes a new energy consumption framework measuring to measure energy consumption hotspots.
XUTI2HG8,JL65TSWG,B,Empirical evaluation of two best practices for energy-efficient software development,"Procaccianti, Giuseppe; Fernández, Héctor; Lago, Patricia",Journal of Systems and Software,J,2016,x,x,x,,,,,,,x,Paper proposes analyzes the impact of best practices on energy consumption.
F75EJ3E3,JL65TSWG,B,Towards power reduction through improved software design,"Sahin, Cagri; Cayci, Furkan; Clause, James; Kiamilev, Fouad; Pollock, Lori; Winbladh, Kristina",2012 IEEE Energytech,C,2012,x,x,x,,,,,,,x,"Paper proposes a tactic to reduce the energy consumption of software by analyzing the energy consumption of software, and then mapping it to the high-level software engineering concepts."
6PR46JX3,JL65TSWG,B,The software perspective for energy-efficient mobile applications development,"Siebra, Clauirton; Costa, Paulo; Miranda, Regina; Silva, Fabio QB; Santos, Andre",Proceedings of the 10th International Conference on Advances in Mobile Computing & Multimedia,C,2012,x,x,x,,,,,,,x,"Paper proposes a technique to measure the energy consumption of certain parts of software, re-implement those parts in a more energy conscious manner, and retest the code to find energy efficiency gains."
5FAZY5KA,JL65TSWG,B,Impact of developer choices on energy consumption of software on servers,"Singh, Jasmeet; Naik, Kshirasagar; Mahinthan, Veluppillai",Procedia Computer Science,J,2015,x,x,x,,,,,,,x,Paper analyzes the energy consumption of different APIs and demonstrates that the choice of APIs can significantly improve an application’s energy efficiency.
59HNH3FK,JL65TSWG,B,Evaluation of Software Product Quality Attributes and Environmental Attributes using ANP Decision Framework.,"Koçak, Sedef Akinli; Alptekin, Gülfem Isiklar; Bener, Ayse",RE4SuSy@ RE,C,2014,x,x,x,,,,,,,x,Paper proposes to weight the priority weights between software quality criteria and environmental characteristics.
HBFJ9WHS,XBNH9NN5,B,Seeds: A software engineer's energy-optimization decision support framework,"Manotas, Irene; Pollock, Lori; Clause, James",Proceedings of the 36th International Conference on Software Engineering,C,2014,x,x,x,,,,,,,x,Paper proposes an automated support for systematically optimizing the energy usage of applications by making code-level changes.
7FV8X9PI,XBNH9NN5,B,Performance events based full system estimation on application power consumption,"Yang, Shu; Luan, Zhongzhi; Li, Binyang; Zhang, Ge; Huang, Tianming; Qian, Depei",2016 IEEE 18th International Conference on High Performance Computing and Communications; IEEE 14th International Conference on Smart City; IEEE 2nd International Conference on Data Science and Systems (HPCC/SmartCity/DSS),C,2016,x,x,x,,,,,,,x,Paper proposes technique to to estimate application power consumption in the full system with performance events.
WD2TZU2M,WJC7DC24,B,Early analysis of resource consumption patterns in mobile applications,"Berrocal, Javier; Garcia-Alonso, Jose; Vicente-Chicote, Cristina; Hernández, Juan; Mikkonen, Tommi; Canal, Carlos; Murillo, Juan M.",Pervasive and Mobile Computing,J,2017,x,x,x,,,,,,,x,Paper proposes a conceptual framework which analyzes the consumption pattern of applications in their early development phases. It also uses the framework to analyze two different software architectures for mobile applications.
NE83TEBM,WJC7DC24,B,Energy consumption and efficiency in mobile applications: A user feedback study,"Wilke, Claas; Richly, Sebastian; Götz, Sebastian; Piechnick, Christian; Aßmann, Uwe","2013 IEEE International Conference on Green Computing and Communications and IEEE Internet of Things and IEEE Cyber, Physical and Social Computing",C,2013,x,x,x,,,,,,,x,"Paper conducts a study on the number of users that complain about mobile applications’ energy consumption, and the reasons why energy consumption might be excessive. It also presents some solutions on how developers can deal with these energy inefficiencies."
BCGVNHPS,WJC7DC24,B,Energy-efficient multisite offloading policy using Markov decision process for mobile cloud computing,"Terefe, Mati B.; Lee, Heezin; Heo, Nojung; Fox, Geoffrey C.; Oh, Sangyoon",Pervasive and Mobile Computing,J,2016,x,x,x,,,,,,,x,"Paper proposes an algorithm that analyzes an application’s data and computation intensive modules, and offloads them to the server in a cloud provider that provides the most energy savings."
X4SLRU4W,WJC7DC24,B,Share sens: An approach to optimizing energy consumption of continuous mobile sensing workloads,"Moamen, Ahmed Abdel; Jamali, Nadeem",2015 IEEE International Conference on Mobile Services,C,2015,x,x,x,,,,,,,x,Paper proposes an API which applications can use to access a device’s sensors that saves energy.
TSMJCEQN,WJC7DC24,B,Toward using software metrics as indicator to measure power consumption of mobile application: A case study,"Keong, Ching Kin; Wei, Koh Tieng; Ghani, Abdul Azim Abd; Sharif, Khaironi Yatim",2015 9th Malaysian Software Engineering Conference (MySEC),C,2015,x,x,x,,,,,,,x,Paper finds correlation between software metrics and energy efficiency in mobile applications.
K2EMKWMY,WJC7DC24,B,Accurate online power estimation and automatic battery behavior based power model generation for smartphones,"Zhang, Lide; Tiwana, Birjodh; Qian, Zhiyun; Wang, Zhaoguang; Dick, Robert P.; Mao, Zhuoqing Morley; Yang, Lei",Proceedings of the eighth IEEE/ACM/IFIP international conference on Hardware/software codesign and system synthesis,C,2010,x,x,x,,,,,,,x,"Paper proposes power tutor and power booter, two frameworks that aid mobile application developers estimating the power consumption of their software."
NPP5P5MB,WJC7DC24,B,${$AppScope$}$: Application Energy Metering Framework for Android Smartphone Using Kernel Activity Monitoring,"Yoon, Chanmin; Kim, Dongwon; Jung, Wonwoo; Kang, Chulkoo; Cha, Hojung",2012 USENIX Annual Technical Conference (USENIX ATC 12),C,2012,x,x,x,,,,,,,x,Paper proposes an application measuring software that monitors an application’s hardware usage at the kernel level and estimates power consumption.
74BQMM6L,WJC7DC24,B,Knowledge for a longer life: development impetus for energy-efficient smartphone applications,"Hans, Ronny; Burgstahler, Daniel; Mueller, Alexander; Zahn, Manuel; Stingl, Dominik",2015 IEEE International Conference on Mobile Services,C,2015,x,x,x,,,,,,,x,Paper does an SLR on techniques application developers can use to reduce energy consumption.
3EL5YH3B,WJC7DC24,B,Mobile device power models for energy efficient dynamic offloading at runtime,"Ali, Farhan Azmat; Simoens, Pieter; Verbelen, Tim; Demeester, Piet; Dhoedt, Bart",Journal of Systems and Software,J,2016,x,x,x,,,,,,,x,"Paper proposes a energy estimation framework that can be used to estimate an application’s energy consumption on the cloud, on the device or both. It then uses the estimation to perform decisions at application runtime."
N6B6VC4R,WJC7DC24,B,Phone2Cloud: Exploiting computation offloading for energy saving on smartphones in mobile cloud computing,"Xia, Feng; Ding, Fangwei; Li, Jie; Kong, Xiangjie; Yang, Laurence T.; Ma, Jianhua",Information Systems Frontiers,J,2014,x,x,x,,,,,,,x,"Paper proposes a framework that measures an application’s energy usage, and the user’s time tolerance to offload computation to the cloud."
TEJY8MU2,WJC7DC24,B,Time-and-energy-aware computation offloading in handheld devices to coprocessors and clouds,"Lin, Ying-Dar; Chu, Edward T.-H.; Lai, Yuan-Cheng; Huang, Ting-Jun",IEEE Systems Journal,J,2013,x,x,x,,,,,,,x,Paper proposes a decision framework that can be utilized by application developers to offload CPU-intensive computations to the cloud or to the GPU.
ZC77Q3ZT,WJC7DC24,B,Assessment of rest and websocket in regards to their energy consumption for mobile applications,"Herwig, Volker; Fischer, René; Braun, Peter",2015 IEEE 8th International Conference on Intelligent Data Acquisition and Advanced Computing Systems: Technology and Applications (IDAACS),C,2015,x,x,x,,,,,,,x,Paper analyzes the energy consumption of REST vs WebSocket technologies in mobile applications.
H3KEN2MH,5IT56E4B,B,Sustainable approaches and good practices in green software engineering,"Agarwal, Shalabh; Nath, Asoke; Chowdhury, Dipayan",International Journal of Research and Reviews in Computer Science,J,2012,x,x,x,,,,,,,x,Paper proposes tactics that can be used at the development stage of application software.
48433ESM,5IT56E4B,B,Evaluating the impact of code smell refactoring on the energy consumption of android applications,"Anwar, Hina; Pfahl, Dietmar; Srirama, Satish N.",2019 45th Euromicro Conference on Software Engineering and Advanced Applications (SEAA),C,2019,x,x,x,,,,,,,x,Paper proposes refactoring tools that improve the energy efficiency of application software.
G3L58GAT,5IT56E4B,B,Data-oriented characterization of application-level energy optimization,"Liu, Kenan; Pinto, Gustavo; Liu, Yu David",International Conference on Fundamental Approaches to Software Engineering,C,2015,x,x,x,,,,,,,x,Paper proposes a library to measure a specific code’s energy consumption in the Java language.
44E3X95Z,5IT56E4B,B,Earmo: An energy-aware refactoring approach for mobile apps,"Morales, Rodrigo; Saborido, Rubén; Khomh, Foutse; Chicano, Francisco; Antoniol, Giuliano",IEEE Transactions on Software Engineering,J,2017,x,x,x,,,,,,,x,Paper proposes a framework that gives energy oriented refactoring recommendations for mobile applications.
BKJYESRW,5IT56E4B,B,Green software: Refactoring approach,"Sehgal, Rajni; Mehrotra, Deepti; Nagpal, Renuka; Sharma, Ramanuj",Journal of King Saud University-Computer and Information Sciences,J,2020,x,x,x,,,,,,,x,Paper proposes to use refactoring techniques to reduce energy consumption in Java applications.
PCMY4PCB,5IT56E4B,B,Code Smell Refactoring for Energy Optimization of Android Apps,"Sehgal, Rajni; Mehrotra, Deepti; Nagpal, Renuka; Choudhury, Tanupriya",Innovations in Cyber Physical Systems,J,2021,x,x,x,,,,,,,x,"Paper investigates the impact of code smells and their refactoring in energy consumption. The paper proposes to refactor the following smells in order to reduce energy consumption: god class, feature envy, and long method."
92K5Z6UT,5IT56E4B,B,Inheritance versus delegation: Which is more energy efficient?,"Connolly Bree, Déaglán; Cinnéide, Mel Ó",Proceedings of the IEEE/ACM 42nd International Conference on Software Engineering Workshops,C,2020,x,x,x,,,,,,,x,Paper investigates the use of inheritance vs delegation and finds that inheritance is 77% more computationally efficient and 4% more energy efficient.
WCP7LAPJ,5IT56E4B,B,On the impact of code smells on the energy consumption of mobile applications,"Palomba, Fabio; Di Nucci, Dario; Panichella, Annibale; Zaidman, Andy; De Lucia, Andrea",Information and Software Technology,J,2019,x,x,x,,,,,,,x,"Paper investigates the energy consumption of four code smells, and finds that they use 87 times more energy than other code smells. The paper also proposes refactoring techniques. “The results of the study highlight that methods affected by four code smell types, i.e., Internal Setter, Leaking Thread, Member Ignoring Method, and Slow Loop, consume up to 87 times more than methods affected by other code smells. Moreover, we found that refactoring these code smells reduces energy consumption in all of the situations.” (Palomba et al., 2019, p. 1)"
MVFWKW7Q,5IT56E4B,B,A process for analysing the energy efficiency of software,"Mancebo, Javier; García, Félix; Calero, Coral",Information and Software Technology,J,2021,x,x,x,,,,,,,x,Paper proposes a framework to analyze the energy consumption of software.
G5EDMH82,5IT56E4B,B,"Modeling, profiling, and debugging the energy consumption of mobile devices","Hoque, Mohammad Ashraful; Siekkinen, Matti; Khan, Kashif Nizam; Xiao, Yu; Tarkoma, Sasu",ACM Computing Surveys (CSUR),J,2015,x,x,x,,,,,,,x,"Paper compares energy consumption measuring tools. Although most of these tools are not all at the application level, we can focus on those that are application level."
UWBD8DUZ,5IT56E4B,B,Investigating the correlation between performance scores and energy consumption of mobile web apps,"Chan-Jong-Chu, Kwame; Islam, Tanjina; Exposito, Miguel Morales; Sheombar, Sanjay; Valladares, Christian; Philippot, Olivier; Grua, Eoin Martino; Malavolta, Ivano",Proceedings of the evaluation and assessment in software engineering,C,2020,x,x,x,,,,,,,x,Paper proposes for developers to increase their web app’s lighthouse performance score to reduce energy consumption.
4S65RXRF,5IT56E4B,B,Green mining: a methodology of relating software change and configuration to power consumption,"Hindle, Abram",Empirical Software Engineering,J,2015,x,x,x,,,,,,,x,"Paper proposes a methodology to relate software changes to energy consumption by “measuring the power consumption of tests of multiple versions of a software system by combining power measurement and mining software repositories methodologies.” (Hindle, 2015, p. 407)."
9HVUQKK3,5IT56E4B,B,The power of system call traces: predicting the software energy consumption impact of changes.,"Aggarwal, Karan; Zhang, Chenlei; Campbell, Joshua Charles; Hindle, Abram; Stroulia, Eleni",CASCON,C,2014,x,x,x,,,,,,,x,Paper proposes a novel technique of measuring energy consumption by using measuring the changes in system calls between software versions.
3DSC22RI,5IT56E4B,B,Towards a green ranking for programming languages,"Couto, Marco; Pereira, Rui; Ribeiro, Francisco; Rua, Rui; Saraiva, João",Proceedings of the 21st Brazilian Symposium on Programming Languages,C,2017,x,x,x,,,,,,,x,Paper measures the energy consumption of different programming languages and proposes to use statically compiled languages to improve energy efficiency.
57QF6PCN,TSQNKEX2,B,A green software development life cycle for cloud computing,"Chauhan, Nitin Singh; Saxena, Ashutosh",IT Professional,J,2013,x,x,x,,,,,,,x,Paper proposes several techniques for cloud users to increase the energy efficiency of their applications.
SPWLZ6BY,TSQNKEX2,B,Energy efficient software development life cycle-An approach towards smart computing,"Sharma, Sunil Kumar; Gupta, P. K.; Malekian, Reza","2015 IEEE International Conference on Computer Graphics, Vision and Information Security (CGVIS)",C,2015,x,x,x,,,,,,,x,Paper proposes a green software development lifecycle process that ensures optimal energy consumption of the system being developed.
7WF3N24V,JRTZZRR6,B,A programming environment with runtime energy characterization for energy-aware applications,"Xian, Changjiu; Lu, Yung-Hsiang; Li, Zhiyuan",Proceedings of the 2007 international symposium on Low power electronics and design (ISLPED'07),C,2007,x,x,x,,,,,,,x,Paper proposes an API that allows application developers to create energy-aware applications.
CIQNDCVP,EUGXAZQP,B,Detecting energy bugs and hotspots in mobile apps,"Banerjee, Abhijeet; Chong, Lee Kee; Chattopadhyay, Sudipta; Roychoudhury, Abhik",Proceedings of the 22nd ACM SIGSOFT International Symposium on Foundations of Software Engineering,C,2014,x,x,x,,,,,,,x,Paper proposes a test framework that detects energy hotspots/bugs in an application.
NDDAZBX9,EUGXAZQP,B,Deep parameter optimisation on android smartphones for energy minimisation: a tale of woe and a proof-of-concept,"Bokhari, Mahmoud A.; Bruce, Bobby R.; Alexander, Brad; Wagner, Markus",Proceedings of the Genetic and Evolutionary Computation Conference Companion,C,2017,x,x,x,,,,,,,x,Paper proposes a deep parameter optimization to improve on android applications.
7IFZJFLT,EUGXAZQP,B,Search-based energy optimization of some ubiquitous algorithms,"Brownlee, Alexander Edward Ian; Burles, Nathan; Swan, Jerry",IEEE Transactions on Emerging Topics in Computational Intelligence,J,2017,x,x,x,,,,,,,x,Paper proposes to measure JVM application’s compiled bytecode to find the energy efficiency of an application. It then proposes genetic based algorithms to improve on the code.
8JYDG2EY,EUGXAZQP,B,Reducing energy consumption using genetic improvement,"Bruce, Bobby R.; Petke, Justyna; Harman, Mark",Proceedings of the 2015 Annual Conference on Genetic and Evolutionary Computation,C,2015,x,x,x,,,,,,,x,Paper proposes a genetic improvement technique that optimizes the energy efficiency of applications.
AIPITBCT,EUGXAZQP,B,"Choosing the"" Best"" Sorting Algorithm for Optimal Energy Consumption.","Bunse, Christian; Höpfner, Hagen; Roychoudhury, Suman; Mansour, Essam",ICSOFT (2),C,2009,x,x,x,,,,,,,x,Paper proposes to dynamically replace sorting algorithms based on the system’s energy consumption to find the most energy efficient sorting algorithm.
ZFADW8SU,EUGXAZQP,B,Object-oriented genetic improvement for improved energy consumption in Google Guava,"Burles, Nathan; Bowles, Edward; Brownlee, Alexander EI; Kocsis, Zoltan A.; Swan, Jerry; Veerapen, Nadarajen",International Symposium on Search Based Software Engineering,C,2015,x,x,x,,,,,,,x,"Paper introduces “‘Object-Oriented Genetic Improvement’, a technique by which non-functional properties such as time or energy consumption may be optimised by substituting suitable alternative subclasses to constructor invocations” (Burles et al., 2015, p. 6)"
EEA62K47,EUGXAZQP,B,Characterizing the performance and energy efficiency of lock-free data structures,"Hunt, Nicholas; Sandhu, Paramjit Singh; Ceze, Luis",2011 15th Workshop on Interaction between Compilers and Computer Architectures,C,2011,x,x,x,,,,,,,x,Paper proposes the use of lock free data-structures to increase the efficiency of multi-threaded applications.
V74XCRN7,EUGXAZQP,B,Optimizing energy consumption of guis in android apps: A multi-objective approach,"Linares-Vásquez, Mario; Bavota, Gabriele; Cárdenas, Carlos Eduardo Bernal; Oliveto, Rocco; Di Penta, Massimiliano; Poshyvanyk, Denys",Proceedings of the 2015 10th Joint Meeting on Foundations of Software Engineering,C,2015,x,x,x,,,,,,,x,Paper proposes to use optimized color schemes in GUIs to reduce the energy consumption of mobile applications.
ULKD3R3F,EUGXAZQP,B,Jolinar: analysing the energy footprint of software applications,"Noureddine, Adel; Islam, Syed; Bashroush, Rabih",Proceedings of the 25th International Symposium on Software Testing and Analysis,C,2016,x,x,x,,,,,,,x,"Paper proposes Jolinar, an energy consumption measuring tool for applications directed at software developers and end users."
H6BXP35P,BMWTFVWN,B,Ape: An annotation language and middleware for energy-efficient mobile application development,"Nikzad, Nima; Chipara, Octav; Griswold, William G.",Proceedings of the 36th International Conference on Software Engineering,C,2014,x,x,x,,,,,,,x,"Paper “present APE, an annotation language and middleware service that eases the development of energy-efficient Android applications.” (Nikzad et al., 2014, p. 515)"
3BCM2CIS,BMWTFVWN,B,A preliminary study of the impact of software engineering on greenit,"Noureddine, Adel; Bourdon, Aurelien; Rouvoy, Romain; Seinturier, Lionel",2012 First International Workshop on Green and Sustainable Software (GREENS),C,2012,x,x,x,,,,,,,x,"Paper “present the POWERAPI architecture. It allows gathering and calculating the power consumption of processes and applications” (Noureddine et al., 2012, p. 8)"
ZPGSQPZ3,BMWTFVWN,B,Mining questions about software energy consumption,"Pinto, Gustavo; Castor, Fernando; Liu, Yu David",Proceedings of the 11th Working Conference on Mining Software Repositories,C,2014,x,x,x,,,,,,,x,"Paper mines stack overflow for questions on energy consumption, and then provides techniques to address them."
SXUACNPF,LSBAJWP4,B,Understanding energy behaviors of thread management constructs,"Pinto, Gustavo; Castor, Fernando; Liu, Yu David",Proceedings of the 2014 ACM International Conference on Object Oriented Programming Systems Languages & Applications,C,2014,x,x,x,,,,,,,x,"Paper “presents a study on how concurrent programming practices may have impact on energy consumption.” (Pinto et al., 2014, p. 359)"
ZSJ2LGWL,LSBAJWP4,B,How to measure energy-efficiency of software: Metrics and measurement results,"Johann, Timo; Dick, Markus; Naumann, Stefan; Kern, Eva",2012 First International Workshop on Green and Sustainable Software (GREENS),C,2012,x,x,x,,,,,,,x,"Paper proposes a technique to measure “energy consumption of specific parts of software which can be measured with a white box method and programmers are able to find resource intensive code, which is an advantage compared to black box methods” (Johann et al., 2012, p. 54)"
DNVP696E,LSBAJWP4,B,A review of energy measurement approaches,"Noureddine, Adel; Rouvoy, Romain; Seinturier, Lionel",ACM SIGOPS Operating Systems Review,J,2013,x,x,x,,,,,,,x,Paper reviews methods of measuring energy consumption during application runtime such as PowerScope and Jalen.
QKX9UAJY,LSBAJWP4,B,Fine-grained power management using process-level profiling,"Chen, Hui; Li, Youhuizi; Shi, Weisong",Sustainable Computing: Informatics and Systems,J,2012,x,x,x,,,,,,,x,"Paper proposes “the pTopW on Windows platform. This tool supplies two convenient user interfaces, which are APIs and performance counter, for poweraware applications” (Chen et al., 2012, p. 2) This paper is an extension of the previous pTop paper in that this measuring framework works for Windows."
FPFPKGFR,LSBAJWP4,B,Unit testing of energy consumption of software libraries,"Noureddine, Adel; Rouvoy, Romain; Seinturier, Lionel",Proceedings of the 29th Annual ACM Symposium on Applied Computing,C,2014,x,x,x,,,,,,,x,"Paper proposes “JalenUnit, a software framework that infers the energy consumption model of software libraries from execution traces.” (Noureddine et al., 2014, p. 1200)"
FHS5P4KV,LSBAJWP4,B,ptop: A process-level power profiling tool,"Do, Thanh; Rawshdeh, Suhib; Shi, Weisong",,C,2009,x,x,x,,,,,,,x,"Paper proposes “the design and implementation of pTop, a simple and efficient process-level power profiling tool.” (Do et al., 2009, p. 1)"
95RQKDX5,R2FNZSWN,B,Saving Energy on Mobile Devices by Refactoring.,"Gottschalk, Marion; Jelschen, Jan; Winter, Andreas",EnviroInfo,C,2014,x,x,x,,,,,,,x,"“This paper shows an approach to save energy on the application level on mobile devices. This approach includes the definition, detection, and restructuring of energy-inefficient code parts.” (Gottschalk et al., 2014, p. 1)"
8GIMDP84,GXRX9RTC,B,Towards applying reengineering services to energy-efficient applications,"Jelschen, Jan; Gottschalk, Marion; Josefiok, Mirco; Pitu, Cosmin; Winter, Andreas",2012 16th European Conference on Software Maintenance and Reengineering,C,2012,x,x,x,,,,,,,x,"This “paper discusses how software reengineering techniques, like dynamic analysis and refactoring, can be applied to the field of energy-aware computing, to monitor, analyze, and optimize the energy profile of mobile applications and devices” (Jelschen et al., 2012, p. 347)"
HGVX2ISL,GXRX9RTC,B,Exploring the energy consumption of data sorting algorithms in embedded and mobile environments,"Bunse, Christian; Höpfner, Hagen; Mansour, Essam; Roychoudhury, Suman","2009 Tenth International Conference on Mobile Data Management: Systems, Services and Middleware",C,2009,x,x,x,,,,,,,x,Paper finds that sorting algorithms that use in place sorting are more energy efficient than those that do not. They also find that data structures influence the energy consumption of the sorting algorithms
ZARPMKH3,TKSV4V8X,B,Making web applications more energy efficient for OLED smartphones,"Li, Ding; Tran, Angelica Huyen; Halfond, William GJ",Proceedings of the 36th International Conference on Software Engineering,C,2014,x,x,x,,,,,,,x,"Paper proposes to “automatically rewriting web applications so that they generate more energy efficient web pages.” (Li et al., 2014, p. 527) Achieving “a 40% reduction in display power consumption.” (Li et al., 2014, p. 527)"
SJ37G2UP,2A3BQM5I,B,What is keeping my phone awake? Characterizing and detecting no-sleep energy bugs in smartphone apps,"Pathak, Abhinav; Jindal, Abhilash; Hu, Y. Charlie; Midkiff, Samuel P.","Proceedings of the 10th international conference on Mobile systems, applications, and services",C,2012,x,x,x,,,,,,,x,Paper proposes refactorings and analysis of the no-sleep bugs for mobile devices.
AZHT26VR,2A3BQM5I,B,Energy optimization in Android applications through wakelock placement,"Alam, Faisal; Panda, Preeti Ranjan; Tripathi, Nikhil; Sharma, Namita; Narayan, Sanjiv","2014 Design, Automation & Test in Europe Conference & Exhibition (DATE)",C,2014,x,x,x,,,,,,,x,Paper proposes the use of wakelocks to manage a mobile phone’s energy from an application’s code.
4KGZLD99,2A3BQM5I,B,Calculating source line level energy information for android applications,"Li, Ding; Hao, Shuai; Halfond, William GJ; Govindan, Ramesh",Proceedings of the 2013 International Symposium on Software Testing and Analysis,C,2013,x,x,x,,,,,,,x,"Paper “presented our approach for calculating the source line level energy consumption of Android applications.” (Li et al., 2013, p. 87)"
IHN8YLLL,2A3BQM5I,B,An empirical study of the energy consumption of android applications,"Li, Ding; Hao, Shuai; Gui, Jiaping; Halfond, William GJ",2014 IEEE International Conference on Software Maintenance and Evolution,C,2014,x,x,x,,,,,,,x,"Paper provides “developers with objective information about how energy is consumed by a broad sample of mobile applications and can guide them in their efforts of improving the energy efficiency of their applications. Keywords—Mobile” (Li et al., 2014, p. 121)"
44IANVHH,2A3BQM5I,B,Managing the energy-delay tradeoff in mobile applications with tempus,"Nikzad, Nima; Radi, Marjan; Chipara, Octav; Griswold, William G.",Proceedings of the 16th Annual Middleware Conference,C,2015,x,x,x,,,,,,,x,"Paper proposes Tempus, a framework that “saves power by enabling programmers to annotate power-hungry operations with states that specify when the operation can be executed to save energy.” (Nikzad et al., 2015, p. 259)"
2UXA9MJ2,2A3BQM5I,B,An investigation into energy-saving programming practices for android smartphone app development,"Li, Ding; Halfond, William GJ",Proceedings of the 3rd International Workshop on Green and Sustainable Software,C,2014,x,x,x,,,,,,,x,"Paper “conducted a small-scale empirical evaluation of commonly suggested energy-saving and performance-enhancing coding practices.” (Li and Halfond, 2014, p. 46)"
G9ZC4CU8,2A3BQM5I,B,"Android app energy efficiency: The impact of language, runtime, compiler, and implementation","Chen, Xinbo; Zong, Ziliang","2016 IEEE international conferences on big data and cloud computing (BDCloud), social computing and networking (socialcom), sustainable computing and communications (sustaincom)(BDCloud/SocialCom/SustainCom)",C,2016,x,x,x,,,,,,,x,"“Paper makes contributions towards answering the question most Android app developers are facing: How to reduce the energy consumption of my app?” (Chen and Zong, 2016, p. 492)"
BAEDN8AK,2A3BQM5I,B,Automated energy optimization of http requests for mobile applications,"Li, Ding; Lyu, Yingjun; Gui, Jiaping; Halfond, William GJ",2016 IEEE/ACM 38th International Conference on Software Engineering (ICSE),C,2016,x,x,x,,,,,,,x,Paper proposes to use static analysis of code to bundle the code’s HTTP requests in order to save energy.
DVMM6IHF,2A3BQM5I,B,Self-adaptive battery and context aware mobile application development,"Datta, Soumya Kanti; Bonnet, Christian; Nikaein, Navid",2014 International Wireless Communications and Mobile Computing Conference (IWCMC),C,2014,x,x,x,,,,,,,x,Paper proposes for application developers to use a mobile device’s energy modes in their applications to increase energy efficiency.
WHTE3NZ8,2A3BQM5I,B,Optimization in power usage of smartphones,"Naik, Balaji A.; Chavan, R. K.",International Journal of Computer Applications,J,2015,x,x,x,,,,,,,x,Paper proposes several techniques at the application level to improve energy efficiency.
LI3HIYWS,HFGU26NT,B,Green: A framework for supporting energy-conscious programming using controlled approximation,"Baek, Woongki; Chilimbi, Trishul M.",Proceedings of the 31st ACM SIGPLAN Conference on Programming Language Design and Implementation,C,2010,x,x,x,,,,,,,x,Paper proposes a framework that allows programmers to take advantage of approximation opportunities in a systematic manner while providing statistical QoS guarantees.
37QLWH7J,HFGU26NT,B,Green software requirements and measurement: random decision forests-based software energy consumption profiling,"Beghoura, Mohamed Amine; Boubetra, Abdelhak; Boukerram, Abdallah",Requirements Engineering,J,2017,x,x,x,,,,,,,x,Paper proposed a machine learning based energy profiling tool that provided relevant information on the energy consumption of software applications.
32N22PF9,HFGU26NT,B,"Software-based energy profiling of android apps: Simple, efficient and reliable?","Di Nucci, Dario; Palomba, Fabio; Prota, Antonio; Panichella, Annibale; Zaidman, Andy; De Lucia, Andrea","2017 IEEE 24th international conference on software analysis, evolution and reengineering (SANER)",C,2017,x,x,x,,,,,,,x,"Paper “proposes PETRA, a new Android-specific tool for estimating the energy consumption of mobile applications.” (Di Nucci et al., 2017, p. 11)"
VABHQVAY,HFGU26NT,B,Seflab: A lab for measuring software energy footprints,"Ferreira, Miguel A.; Hoekstra, Eric; Merkus, Bo; Visser, Bram; Visser, Joost",2013 2nd International workshop on green and sustainable software (GREENS),C,2013,x,x,x,,,,,,,x,"Paper proposes the “SEFLab setup, which caters for comparing applications on energy dissipation.” (Ferreira et al., 2013, p. 9)"
G4AEGEBJ,HFGU26NT,B,A source-level energy optimization framework for mobile applications,"Li, Xueliang; Gallagher, John P.",2016 IEEE 16th International Working Conference on Source Code Analysis and Manipulation (SCAM),C,2016,x,x,x,,,,,,,x,"Paper “propose an energy optimization framework guided by a source code energy model that allows developers to be aware of energy usage induced by the code and to apply very targeted source-level refactoring strategies.” (Li and Gallagher, 2016, p. 1)"
IWFUWMJD,HFGU26NT,B,Investigating Energy and Security Trade-offs in the Classroom with the Atom ${$LEAP$}$ Testbed,"Peterson, Peter AH; Singh, Digvijay; Kaiser, William J.; Reiher, Peter L.",4th Workshop on Cyber Security Experimentation and Test (CSET 11),C,2011,x,x,x,,,,,,,x,"Paper tests the Atom Leap in a classroom setting to measure its accuracy and usability. This measuring framework allows us “to measure small code segments in the kernel or in user space.” (Peterson et al., 2011, p. 1)"
4A3AGUKH,HFGU26NT,B,A comprehensive study on the energy efficiency of java’s thread-safe collections,"Pinto, Gustavo; Liu, Kenan; Castor, Fernando; Liu, Yu David",2016 IEEE International Conference on Software Maintenance and Evolution (ICSME),C,2016,x,x,x,,,,,,,x,Paper examines Java’s thread safe data structures and proposes to use data structures that increase energy efficiency.
59ILI6BA,HFGU26NT,B,EnerJ: Approximate data types for safe and general low-power computation,"Sampson, Adrian; Dietl, Werner; Fortuna, Emily; Gnanapragasam, Danushen; Ceze, Luis; Grossman, Dan",ACM SIGPLAN Notices,J,2011,x,x,x,,,,,,,x,Paper proposes to use approximate data types that declare data that may be subject to approximate computation in order to improve energy efficiency.
8EAS3MJ2,HFGU26NT,B,Exploiting significance of computations for energy-constrained approximate computing,"Vassiliadis, Vassilis; Chalios, Charalampos; Parasyris, Konstantinos; Antonopoulos, Christos D.; Lalis, Spyros; Bellas, Nikolaos; Vandierendonck, Hans; Nikolopoulos, Dimitrios S.",International Journal of Parallel Programming,J,2016,x,x,x,,,,,,,x,"Paper proposes a “simple programming model allows developers to structure the computation in different tasks, and to express the relative importance of these tasks for the quality of the end result.” (Vassiliadis et al., 2016, p. 1078)"
MNKBE98K,HFGU26NT,B,Towards automatic significance analysis for approximate computing,"Vassiliadis, Vassilis; Riehme, Jan; Deussen, Jens; Parasyris, Konstantinos; Antonopoulos, Christos D.; Bellas, Nikolaos; Lalis, Spyros; Naumann, Uwe",2016 IEEE/ACM International Symposium on Code Generation and Optimization (CGO),C,2016,x,x,x,,,,,,,x,"Paper proposes a framework “that produces a mathematically rigorous approach to automate specification of computational significance.” (Vassiliadis et al., 2016, p. 192) A programmer can then use “ this analysis to partition an application into OpenMP-like tasks and to rank these tasks according to their contribution to the output result.” (Vassiliadis et al., 2016, p. 192)"
PNH7EFHR,HFGU26NT,B,Greenoracle: Estimating software energy consumption with energy measurement corpora,"Chowdhury, Shaiful Alam; Hindle, Abram",2016 IEEE/ACM 13th Working Conference on Mining Software Repositories (MSR),C,2016,x,x,x,,,,,,,x,"Paper proposes an“approach whereby a collection of prior applications’ energy measurements allows us to train, transmit, and apply the model to estimate any foreign application’s energy consumption for a test run.” (Chowdhury and Hindle, 2016, p. 49)"
T35M4IVQ,HFGU26NT,B,Process-level power estimation in vm-based systems,"Colmant, Maxime; Kurpicz, Mascha; Felber, Pascal; Huertas, Loïc; Rouvoy, Romain; Sobe, Anita",Proceedings of the Tenth European Conference on Computer Systems,C,2015,x,x,x,,,,,,,x,"Paper proposes “BITWATTS which crosses the boundaries of virtual environments and provide an estimation of the power consumption of applications running within virtual machines (VMs).” (Colmant et al., 2015, p. 13)"
39G59GN3,TN6IQC7E,B,Leafactor: Improving energy efficiency of android apps via automatic refactoring,"Cruz, Luis; Abreu, Rui; Rouvignac, Jean-Noël",2017 IEEE/ACM 4th International Conference on Mobile Software Engineering and Systems (MOBILESoft),C,2017,x,x,x,,,,,,,x,"Paper proposes “Leafactor is a tool to automatically improve the energy consumption of Android apps.” (Cruz et al., 2017, p. 1)"
6RUTHNIE,TN6IQC7E,B,Haskell in green land: Analyzing the energy behavior of a purely functional language,"Lima, Luís Gabriel; Soares-Neto, Francisco; Lieuthier, Paulo; Castor, Fernando; Melfe, Gilberto; Fernandes, João Paulo","2016 IEEE 23rd international conference on Software Analysis, Evolution, and Reengineering (SANER)",C,2016,x,x,x,,,,,,,x,Paper proposes to extend multiple Haskell profilers to help developers measure energy consumption.
ZTXVCAIZ,U2KEHF3V,B,Energy types,"Cohen, Michael; Zhu, Haitao Steve; Senem, Emgin Ezgi; Liu, Yu David",Proceedings of the ACM international conference on Object oriented programming systems languages and applications,C,2012,x,x,x,,,,,,,x,Paper describes a programming model where energy phases and modes can be intuitively specified by programmers to increase the energy consumption of applications
X4C8FVY7,U2KEHF3V,B,Predicting data structures for energy efficient computing,"Michanan, Junya; Dewri, Rinku; Rutherford, Matthew J.",2015 Sixth International Green and Sustainable Computing Conference (IGSC),C,2015,x,x,x,,,,,,,x,"Paper proposes a “detailed a concept and an architecture for building adaptive green data structures that can intelligently adapt for energy efficiency.” (Michanan et al., 2015, p. 8)"
WKB2W4CI,98DNPTFE,F,Energy efficient data sorting using standard sorting algorithms,"Bunse, Christian; Höpfner, Hagen; Roychoudhury, Suman; Mansour, Essam",International Conference on Software and Data Technologies,C,2009,x,x,x,,,,,,,x,Paper has already been included.
ISZGIP3F,R2FNZSWN,F,SPELLing out energy leaks: Aiding developers locate energy inefficient code,"Pereira, Rui; Carção, Tiago; Couto, Marco; Cunha, Jácome; Fernandes, João Paulo; Saraiva, João",Journal of Systems and Software,J,2020,x,x,x,,,,,,,x,"Paper “proposes a technique to detect energy inefficient fragments in the source code of a software system.” (Pereira et al., 2020, p. 1)"
K5C2XV33,R2FNZSWN,F,Energy profiles of java collections classes,"Hasan, Samir; King, Zachary; Hafiz, Munawar; Sayagh, Mohammed; Adams, Bram; Hindle, Abram",Proceedings of the 38th International Conference on Software Engineering,C,2016,x,x,x,,,,,,,x,"Paper analyzes an applications code to “to selectively replace Collections types used in six applications and libraries.” (Hasan et al., 2016, p. 225)"
WDMGKU7Q,R2FNZSWN,F,Automated Refactoring for Energy-Aware Software,"Bree, Déaglán Connolly; Cinnéide, Mel Ó",2021 IEEE International Conference on Software Maintenance and Evolution (ICSME),C,2021,x,x,x,,,,,,,x,Paper describes two possible ways of refactoring an application for energy code smells.
MY8FDDML,R2FNZSWN,F,Removing Decorator to Improve Energy Efficiency,"Bree, Déaglán Connolly; Cinnéide, Mel Ó","2022 IEEE International Conference on Software Analysis, Evolution and Reengineering (SANER)",C,2022,x,x,x,,,,,,,x,Paper proposes to eliminate the decorator pattern to increase the energy efficiency of applications.
ESMRAFHG,R2FNZSWN,F,Comparing the Energy Consumption of Java I/O Libraries and Methods,"Ournani, Zakaria; Rouvoy, Romain; Rust, Pierre; Penhoat, Joel",37th International Conference on Software Maintenance and Evolution (ICSME),C,2021,x,x,x,,,,,,,x,Paper analyzes different io libraries in the Java language and proposes to substitute libraries to increase the energy efficiency of an application.
AWARRYWE,R2FNZSWN,F,Evaluating the Impact of Java Virtual Machines on Energy Consumption,"Ournani, Zakaria; Belgaid, Mohammed Chakib; Rouvoy, Romain; Rust, Pierre; Penhoat, Joel",Proceedings of the 15th ACM/IEEE International Symposium on Empirical Software Engineering and Measurement (ESEM),C,2021,x,x,x,,,,,,,x,"Paper proposes “an Open source tool, named JReferral that recommends an energy-efficient JVM distribution and configuration for any Java application.” (Ournani et al., 2021, p. 1)"
DJW8RCH4,S2IRVNC6,F,"Comparing REST, SOAP, Socket and gRPC in computation offloading of mobile applications: An energy cost analysis","Chamas, Carolina Luiza; Cordeiro, Daniel; Eler, Marcelo Medeiros",2017 IEEE 9th Latin-American Conference on Communications (LATINCOM),C,2017,x,x,x,,,,,,,x,"Paper investigates which communication protocol is most energy efficient, REST, SOAP, Socket, or gRPC."
3YVNHUJR,S2IRVNC6,F,Energy saving strategies in the design of mobile device applications,"Meneses-Viveros, Amilcar; Hernández-Rubio, Erika; Mendoza, Sonia; Rodríguez, José; Quintos, Ana Belem Márquez",Sustainable Computing: Informatics and Systems,J,2018,x,x,x,,,,,,,x,Paper reviews several energy saving techniques from a developers perspective.
E5PP5MNY,98DNPTFE,F,Enforcing green code with Android lint,"Goaër, Olivier Le",Proceedings of the 35th IEEE/ACM International Conference on Automated Software Engineering Workshops,C,2020,x,x,x,,,,,,,x,Paper proposes to extend the Android Studio IDE to add a power consumption tests.
MXC33NQL,JL65TSWG,F,Architectural Tactics to Optimize Software for Energy Efficiency in the Public Cloud,"Vos, Sophie; Lago, Patricia; Verdecchia, Roberto; Heitlager, Ilja",International Conference on ICT for Sustainability,C,2022,x,x,x,,,,,,,x,Paper proposes energy tactics that can be used by developers using the public cloud.
6VBJLJ6V,WJC7DC24,F,EARLY ANALYSIS OF SOFTWARE ARCHITECTURE TO ESTIMATE ENERGY CONSUMPTION IN ANDROID PLATFORM,"AL NIDAWI, HASAN SAJID ATTA; WEI, KOH TIENG; KHALEEL, AMMAR; DAWOOD, KAREEM ABBAS",Journal of Theoretical and Applied Information Technology,J,2018,x,x,x,,,,,,,x,"Paper presents “the evaluation of two architectures (i.e. server-centric and mobilecentric architectures) and analysed how their battery consumption depends on the software architecture used to run the application.” (AL NIDAWI et al., 2018, p. 7861) They find that mobile-centric applications are more energy efficient than server-centric applications when it comes to data retrieval."
F7RAFTPT,WJC7DC24,F,GREEN MOBILE APPLICATION DEVELOPMENT THROUGH SOFTWARE LOCALIZATION,"Kasakliev, Nikolay; Somova, Elena; Gocheva, Margarita",International Journal on Information Technologies & Security,J,2019,x,x,x,,,,,,,x,Paper proposes for application developers to use different types of localization depending on their application’s needs in order to save energy.
7EBBEQTC,TKSV4V8X,F,Automated re-factoring of android apps to enhance energy-efficiency,"Banerjee, Abhijeet; Roychoudhury, Abhik",Proceedings of the International Conference on Mobile Software Engineering and Systems,C,2016,x,x,x,,,,,,,x,"Paper presents “a light-weight re-factoring technique that can assist in energyaware app development.” (Banerjee and Roychoudhury, 2016, p. 139)"
8JBIUZ3B,TKSV4V8X,F,Melta: A method level energy estimation technique for android development,"Farooq, Muhammad Umer; Khan, Saif Ur Rehman; Beg, Mirza Omer",2019 International Conference on Innovative Computing (ICIC),C,2019,x,x,x,,,,,,,x,"Paper proposes “a probabilistic technique for fine-grained energy estimation to compute the energy consumption of each method in Android applications.” (Farooq et al., 2019, p. 1)"
WHU8YABA,TKSV4V8X,F,Green configurations of functional quality attributes,"Horcas, Jose-Miguel; Pinto, Mónica; Fuentes, Lidia",Proceedings of the 21st International Systems and Software Product Line Conference-Volume A,C,2017,x,x,x,,,,,,,x,"Paper “proposes a solution to help the software architect to generate congurations of functional quality attributes whilst keeping the energy consumed by the application as low as possible.” (Horcas et al., 2017, p. 79)"
5HSE8H76,TKSV4V8X,F,Software energy measurement at different levels of granularity,"Ghaleb, Taher Ahmed",2019 International Conference on Computer and Information Sciences (ICCIS),C,2019,x,x,x,,,,,,,x,Paper reviews different software measurement tools.
EQ8JEST9,TKSV4V8X,F,Self-adaptive energy-efficent applications: the hadas developing approach,"Horcas, Jose Miguel; Pinto, Mónica; Fuentes, Lidia; Gámez, Nadia","2017 IEEE 15th Intl Conf on Dependable, Autonomic and Secure Computing, 15th Intl Conf on Pervasive Intelligence and Computing, 3rd Intl Conf on Big Data Intelligence and Computing and Cyber Science and Technology Congress (DASC/PiCom/DataCom/CyberSciTech)",C,2017,x,x,x,,,,,,,x,"Paper proposes “the HADAS green assistant, which helps developers to identify the energy-consuming concerns of their applications (i.e., points in the application that consume more energy, like storing or transferring data), and also to model, analyse and reason about different architectural solutions for each of these concerns.” (Gamez et al., 2016, p. 1)"
QEN7UH85,U2KEHF3V,F,Estimating software energy consumption with machine learning approach by software performance feature,"Fu, Cuijiao; Qian, Depei; Luan, Zhongzhi","2018 IEEE International Conference on Internet of Things (iThings) and IEEE Green Computing and Communications (GreenCom) and IEEE Cyber, Physical and Social Computing (CPSCom) and IEEE Smart Data (SmartData)",C,2018,x,x,x,,,,,,,x,"Paper presents “a method for classifying software based on performance features.” (Fu et al., 2018, p. 490)"
8Z4FJ9KZ,LSBAJWP4,F,Variability models for generating efficient configurations of functional quality attributes,"Horcas, Jose-Miguel; Pinto, Mónica; Fuentes, Lidia",Information and Software Technology,J,2018,x,x,x,,,,,,,x,"Paper “presents a process that helps developers to automatically generate optimum configurations of functional quality attributes in terms of energy efficiency and performance.” (Horcas et al., 2018, p. 147)"
,,,,,,,,x,x,x,,,,,,,x,
,,,,,,,,x,x,x,,,,,,,x,
,,,,,,,,x,x,x,,,,,,,x,
,,,,,,,,x,x,x,,,,,,,x,
,,,,,,,,x,x,x,,,,,,,x,
,,,,,,,,x,x,x,,,,,,,x,
,,,,,,,,x,x,x,,,,,,,x,
,,,,,,,,x,x,x,,,,,,,x,
,,,,,,,,x,x,x,,,,,,,x,
,,,,,,,,x,x,x,,,,,,,x,
,,,,,,,,x,x,x,,,,,,,x,
,,,,,,,,x,x,x,,,,,,,x,
,,,,,,,,x,x,x,,,,,,,x,
,,,,,,,,x,x,x,,,,,,,x,
,,,,,,,,x,x,x,,,,,,,x,
,,,,,,,,x,x,x,,,,,,,x,
,,,,,,,,x,x,x,,,,,,,x,
,,,,,,,,x,x,x,,,,,,,x,
,,,,,,,,x,x,x,,,,,,,x,
,,,,,,,,x,x,x,,,,,,,x,
,,,,,,,,x,x,x,,,,,,,x,
,,,,,,,,x,x,x,,,,,,,x,
,,,,,,,,x,x,x,,,,,,,x,
,,,,,,,,x,x,x,,,,,,,x,
,,,,,,,,x,x,x,,,,,,,x,
,,,,,,,,x,x,x,,,,,,,x,
,,,,,,,,x,x,x,,,,,,,x,
,,,,,,,,x,x,x,,,,,,,x,
,,,,,,,,x,x,x,,,,,,,x,
,,,,,,,,x,x,x,,,,,,,x,
,,,,,,,,x,x,x,,,,,,,x,
,,,,,,,,x,x,x,,,,,,,x,
,,,,,,,,x,x,x,,,,,,,x,
,,,,,,,,x,x,x,,,,,,,x,
,,,,,,,,x,x,x,,,,,,,x,
,,,,,,,,x,x,x,,,,,,,x,
,,,,,,,,x,x,x,,,,,,,x,
,,,,,,,,x,x,x,,,,,,,x,
,,,,,,,,x,x,x,,,,,,,x,
,,,,,,,,x,x,x,,,,,,,x,
,,,,,,,,x,x,x,,,,,,,x,
,,,,,,,,x,x,x,,,,,,,x,
,,,,,,,,x,x,x,,,,,,,x,
,,,,,,,,x,x,x,,,,,,,x,
,,,,,,,,x,x,x,,,,,,,x,
,,,,,,,,x,x,x,,,,,,,x,
,,,,,,,,x,x,x,,,,,,,x,
,,,,,,,,x,x,x,,,,,,,x,
,,,,,,,,x,x,x,,,,,,,x,
,,,,,,,,x,x,x,,,,,,,x,
,,,,,,,,x,x,x,,,,,,,x,
,,,,,,,,x,x,x,,,,,,,x,
,,,,,,,,x,x,x,,,,,,,x,
,,,,,,,,x,x,x,,,,,,,x,
,,,,,,,,x,x,x,,,,,,,x,
,,,,,,,,x,x,x,,,,,,,x,
,,,,,,,,x,x,x,,,,,,,x,
,,,,,,,,x,x,x,,,,,,,x,
,,,,,,,,x,x,x,,,,,,,x,
,,,,,,,,x,x,x,,,,,,,x,
,,,,,,,,x,x,x,,,,,,,x,
,,,,,,,,x,x,x,,,,,,,x,
,,,,,,,,x,x,x,,,,,,,x,
,,,,,,,,x,x,x,,,,,,,x,
,,,,,,,,x,x,x,,,,,,,x,
,,,,,,,,x,x,x,,,,,,,x,
,,,,,,,,x,x,x,,,,,,,x,
,,,,,,,,x,x,x,,,,,,,x,
,,,,,,,,x,x,x,,,,,,,x,
,,,,,,,,x,x,x,,,,,,,x,
,,,,,,,,x,x,x,,,,,,,x,
,,,,,,,,x,x,x,,,,,,,x,
,,,,,,,,x,x,x,,,,,,,x,
,,,,,,,,x,x,x,,,,,,,x,
,,,,,,,,x,x,x,,,,,,,x,
,,,,,,,,x,x,x,,,,,,,x,
,,,,,,,,x,x,x,,,,,,,x,
,,,,,,,,x,x,x,,,,,,,x,
,,,,,,,,x,x,x,,,,,,,x,
,,,,,,,,x,x,x,,,,,,,x,
,,,,,,,,x,x,x,,,,,,,x,
,,,,,,,,x,x,x,,,,,,,x,
,,,,,,,,x,x,x,,,,,,,x,
,,,,,,,,x,x,x,,,,,,,x,
,,,,,,,,x,x,x,,,,,,,x,
,,,,,,,,x,x,x,,,,,,,x,
,,,,,,,,x,x,x,,,,,,,x,
,,,,,,,,x,x,x,,,,,,,x,
,,,,,,,,x,x,x,,,,,,,x,
,,,,,,,,x,x,x,,,,,,,x,
,,,,,,,,x,x,x,,,,,,,x,
,,,,,,,,x,x,x,,,,,,,x,
,,,,,,,,x,x,x,,,,,,,x,
,,,,,,,,x,x,x,,,,,,,x,
,,,,,,,,x,x,x,,,,,,,x,
,,,,,,,,x,x,x,,,,,,,x,
,,,,,,,,x,x,x,,,,,,,x,
,,,,,,,,x,x,x,,,,,,,x,
,,,,,,,,x,x,x,,,,,,,x,
,,,,,,,,x,x,x,,,,,,,x,
,,,,,,,,x,x,x,,,,,,,x,
,,,,,,,,x,x,x,,,,,,,x,
,,,,,,,,x,x,x,,,,,,,x,
,,,,,,,,x,x,x,,,,,,,x,
,,,,,,,,x,x,x,,,,,,,x,
,,,,,,,,x,x,x,,,,,,,x,
,,,,,,,,x,x,x,,,,,,,x,
,,,,,,,,x,x,x,,,,,,,x,
,,,,,,,,x,x,x,,,,,,,x,
,,,,,,,,x,x,x,,,,,,,x,
,,,,,,,,x,x,x,,,,,,,x,
,,,,,,,,x,x,x,,,,,,,x,
,,,,,,,,x,x,x,,,,,,,x,
,,,,,,,,x,x,x,,,,,,,x,
,,,,,,,,x,x,x,,,,,,,x,
,,,,,,,,x,x,x,,,,,,,x,
,,,,,,,,x,x,x,,,,,,,x,
,,,,,,,,x,x,x,,,,,,,x,
,,,,,,,,x,x,x,,,,,,,x,
,,,,,,,,x,x,x,,,,,,,x,
,,,,,,,,x,x,x,,,,,,,x,
,,,,,,,,x,x,x,,,,,,,x,
,,,,,,,,x,x,x,,,,,,,x,
,,,,,,,,x,x,x,,,,,,,x,
,,,,,,,,x,x,x,,,,,,,x,
,,,,,,,,x,x,x,,,,,,,x,
,,,,,,,,x,x,x,,,,,,,x,
,,,,,,,,x,x,x,,,,,,,x,
,,,,,,,,x,x,x,,,,,,,x,
,,,,,,,,x,x,x,,,,,,,x,
,,,,,,,,x,x,x,,,,,,,x,
,,,,,,,,x,x,x,,,,,,,x,
,,,,,,,,x,x,x,,,,,,,x,
,,,,,,,,x,x,x,,,,,,,x,
,,,,,,,,x,x,x,,,,,,,x,
,,,,,,,,x,x,x,,,,,,,x,
,,,,,,,,x,x,x,,,,,,,x,
,,,,,,,,x,x,x,,,,,,,x,
,,,,,,,,x,x,x,,,,,,,x,
,,,,,,,,x,x,x,,,,,,,x,
,,,,,,,,x,x,x,,,,,,,x,
,,,,,,,,x,x,x,,,,,,,x,
,,,,,,,,x,x,x,,,,,,,x,
,,,,,,,,x,x,x,,,,,,,x,
,,,,,,,,x,x,x,,,,,,,x,
,,,,,,,,x,x,x,,,,,,,x,
,,,,,,,,x,x,x,,,,,,,x,
,,,,,,,,x,x,x,,,,,,,x,
,,,,,,,,x,x,x,,,,,,,x,
,,,,,,,,x,x,x,,,,,,,x,
,,,,,,,,x,x,x,,,,,,,x,
,,,,,,,,x,x,x,,,,,,,x,
,,,,,,,,x,x,x,,,,,,,x,
,,,,,,,,x,x,x,,,,,,,x,
,,,,,,,,x,x,x,,,,,,,x,
,,,,,,,,x,x,x,,,,,,,x,
,,,,,,,,x,x,x,,,,,,,x,
,,,,,,,,x,x,x,,,,,,,x,
,,,,,,,,x,x,x,,,,,,,x,
,,,,,,,,x,x,x,,,,,,,x,
,,,,,,,,x,x,x,,,,,,,x,
,,,,,,,,x,x,x,,,,,,,x,
,,,,,,,,x,x,x,,,,,,,x,
,,,,,,,,x,x,x,,,,,,,x,
,,,,,,,,x,x,x,,,,,,,x,
,,,,,,,,x,x,x,,,,,,,x,
,,,,,,,,x,x,x,,,,,,,x,
,,,,,,,,x,x,x,,,,,,,x,
,,,,,,,,x,x,x,,,,,,,x,
,,,,,,,,x,x,x,,,,,,,x,
,,,,,,,,x,x,x,,,,,,,x,
,,,,,,,,x,x,x,,,,,,,x,
,,,,,,,,x,x,x,,,,,,,x,
,,,,,,,,x,x,x,,,,,,,x,
,,,,,,,,x,x,x,,,,,,,x,
,,,,,,,,x,x,x,,,,,,,x,
,,,,,,,,x,x,x,,,,,,,x,
,,,,,,,,x,x,x,,,,,,,x,
,,,,,,,,x,x,x,,,,,,,x,
,,,,,,,,x,x,x,,,,,,,x,
,,,,,,,,x,x,x,,,,,,,x,
,,,,,,,,x,x,x,,,,,,,x,
,,,,,,,,x,x,x,,,,,,,x,
,,,,,,,,x,x,x,,,,,,,x,
,,,,,,,,x,x,x,,,,,,,x,
,,,,,,,,x,x,x,,,,,,,x,
,,,,,,,,x,x,x,,,,,,,x,
,,,,,,,,x,x,x,,,,,,,x,
,,,,,,,,x,x,x,,,,,,,x,
,,,,,,,,x,x,x,,,,,,,x,
,,,,,,,,x,x,x,,,,,,,x,
,,,,,,,,x,x,x,,,,,,,x,
,,,,,,,,x,x,x,,,,,,,x,
,,,,,,,,x,x,x,,,,,,,x,
,,,,,,,,x,x,x,,,,,,,x,
,,,,,,,,x,x,x,,,,,,,x,
,,,,,,,,x,x,x,,,,,,,x,
,,,,,,,,x,x,x,,,,,,,x,
,,,,,,,,x,x,x,,,,,,,x,
,,,,,,,,x,x,x,,,,,,,x,
,,,,,,,,x,x,x,,,,,,,x,
,,,,,,,,x,x,x,,,,,,,x,
,,,,,,,,x,x,x,,,,,,,x,
,,,,,,,,x,x,x,,,,,,,x,
,,,,,,,,x,x,x,,,,,,,x,
,,,,,,,,x,x,x,,,,,,,x,
,,,,,,,,x,x,x,,,,,,,x,
,,,,,,,,x,x,x,,,,,,,x,
,,,,,,,,x,x,x,,,,,,,x,
,,,,,,,,x,x,x,,,,,,,x,
,,,,,,,,x,x,x,,,,,,,x,
,,,,,,,,x,x,x,,,,,,,x,
,,,,,,,,x,x,x,,,,,,,x,
,,,,,,,,x,x,x,,,,,,,x,
,,,,,,,,x,x,x,,,,,,,x,
,,,,,,,,x,x,x,,,,,,,x,
,,,,,,,,x,x,x,,,,,,,x,
,,,,,,,,x,x,x,,,,,,,x,
,,,,,,,,x,x,x,,,,,,,x,
,,,,,,,,x,x,x,,,,,,,x,
,,,,,,,,x,x,x,,,,,,,x,
,,,,,,,,x,x,x,,,,,,,x,
,,,,,,,,x,x,x,,,,,,,x,
,,,,,,,,x,x,x,,,,,,,x,
,,,,,,,,x,x,x,,,,,,,x,
,,,,,,,,x,x,x,,,,,,,x,
,,,,,,,,x,x,x,,,,,,,x,
,,,,,,,,x,x,x,,,,,,,x,
,,,,,,,,x,x,x,,,,,,,x,
,,,,,,,,x,x,x,,,,,,,x,
,,,,,,,,x,x,x,,,,,,,x,
,,,,,,,,x,x,x,,,,,,,x,
,,,,,,,,x,x,x,,,,,,,x,
,,,,,,,,x,x,x,,,,,,,x,
,,,,,,,,x,x,x,,,,,,,x,
,,,,,,,,x,x,x,,,,,,,x,
,,,,,,,,x,x,x,,,,,,,x,
,,,,,,,,x,x,x,,,,,,,x,
,,,,,,,,x,x,x,,,,,,,x,
,,,,,,,,x,x,x,,,,,,,x,
,,,,,,,,x,x,x,,,,,,,x,
,,,,,,,,x,x,x,,,,,,,x,
,,,,,,,,x,x,x,,,,,,,x,
,,,,,,,,x,x,x,,,,,,,x,
,,,,,,,,x,x,x,,,,,,,x,
,,,,,,,,x,x,x,,,,,,,x,
,,,,,,,,x,x,x,,,,,,,x,
,,,,,,,,x,x,x,,,,,,,x,
,,,,,,,,x,x,x,,,,,,,x,
,,,,,,,,x,x,x,,,,,,,x,
,,,,,,,,x,x,x,,,,,,,x,
,,,,,,,,x,x,x,,,,,,,x,
,,,,,,,,x,x,x,,,,,,,x,
,,,,,,,,x,x,x,,,,,,,x,
,,,,,,,,x,x,x,,,,,,,x,
,,,,,,,,x,x,x,,,,,,,x,
,,,,,,,,x,x,x,,,,,,,x,
,,,,,,,,x,x,x,,,,,,,x,
,,,,,,,,x,x,x,,,,,,,x,
,,,,,,,,x,x,x,,,,,,,x,
,,,,,,,,x,x,x,,,,,,,x,
,,,,,,,,x,x,x,,,,,,,x,
,,,,,,,,x,x,x,,,,,,,x,
,,,,,,,,x,x,x,,,,,,,x,
,,,,,,,,x,x,x,,,,,,,x,
,,,,,,,,x,x,x,,,,,,,x,
,,,,,,,,x,x,x,,,,,,,x,
,,,,,,,,x,x,x,,,,,,,x,
,,,,,,,,x,x,x,,,,,,,x,
,,,,,,,,x,x,x,,,,,,,x,
,,,,,,,,x,x,x,,,,,,,x,
,,,,,,,,x,x,x,,,,,,,x,
,,,,,,,,x,x,x,,,,,,,x,
,,,,,,,,x,x,x,,,,,,,x,
,,,,,,,,x,x,x,,,,,,,x,
,,,,,,,,x,x,x,,,,,,,x,
,,,,,,,,x,x,x,,,,,,,x,
,,,,,,,,x,x,x,,,,,,,x,
,,,,,,,,x,x,x,,,,,,,x,
,,,,,,,,x,x,x,,,,,,,x,
,,,,,,,,x,x,x,,,,,,,x,
,,,,,,,,x,x,x,,,,,,,x,
,,,,,,,,x,x,x,,,,,,,x,
,,,,,,,,x,x,x,,,,,,,x,
,,,,,,,,x,x,x,,,,,,,x,
,,,,,,,,x,x,x,,,,,,,x,
,,,,,,,,x,x,x,,,,,,,x,
,,,,,,,,x,x,x,,,,,,,x,
,,,,,,,,x,x,x,,,,,,,x,
,,,,,,,,x,x,x,,,,,,,x,
,,,,,,,,x,x,x,,,,,,,x,
,,,,,,,,x,x,x,,,,,,,x,
,,,,,,,,x,x,x,,,,,,,x,
,,,,,,,,x,x,x,,,,,,,x,
,,,,,,,,x,x,x,,,,,,,x,
,,,,,,,,x,x,x,,,,,,,x,
,,,,,,,,x,x,x,,,,,,,x,
,,,,,,,,x,x,x,,,,,,,x,
,,,,,,,,x,x,x,,,,,,,x,
,,,,,,,,x,x,x,,,,,,,x,
,,,,,,,,x,x,x,,,,,,,x,
,,,,,,,,x,x,x,,,,,,,x,
,,,,,,,,x,x,x,,,,,,,x,
,,,,,,,,x,x,x,,,,,,,x,
,,,,,,,,x,x,x,,,,,,,x,
,,,,,,,,x,x,x,,,,,,,x,
,,,,,,,,x,x,x,,,,,,,x,
,,,,,,,,x,x,x,,,,,,,x,
,,,,,,,,x,x,x,,,,,,,x,
,,,,,,,,x,x,x,,,,,,,x,
,,,,,,,,x,x,x,,,,,,,x,
,,,,,,,,x,x,x,,,,,,,x,
,,,,,,,,x,x,x,,,,,,,x,
,,,,,,,,x,x,x,,,,,,,x,
,,,,,,,,x,x,x,,,,,,,x,
,,,,,,,,x,x,x,,,,,,,x,
,,,,,,,,x,x,x,,,,,,,x,
,,,,,,,,x,x,x,,,,,,,x,
,,,,,,,,x,x,x,,,,,,,x,
,,,,,,,,x,x,x,,,,,,,x,
,,,,,,,,x,x,x,,,,,,,x,
,,,,,,,,x,x,x,,,,,,,x,
,,,,,,,,x,x,x,,,,,,,x,
,,,,,,,,x,x,x,,,,,,,x,
,,,,,,,,x,x,x,,,,,,,x,
,,,,,,,,x,x,x,,,,,,,x,
,,,,,,,,x,x,x,,,,,,,x,
,,,,,,,,x,x,x,,,,,,,x,
,,,,,,,,x,x,x,,,,,,,x,
,,,,,,,,x,x,x,,,,,,,x,
,,,,,,,,x,x,x,,,,,,,x,
,,,,,,,,x,x,x,,,,,,,x,
,,,,,,,,x,x,x,,,,,,,x,
,,,,,,,,x,x,x,,,,,,,x,
,,,,,,,,x,x,x,,,,,,,x,
,,,,,,,,x,x,x,,,,,,,x,
,,,,,,,,x,x,x,,,,,,,x,
,,,,,,,,x,x,x,,,,,,,x,
,,,,,,,,x,x,x,,,,,,,x,
,,,,,,,,x,x,x,,,,,,,x,
,,,,,,,,x,x,x,,,,,,,x,
,,,,,,,,x,x,x,,,,,,,x,
,,,,,,,,x,x,x,,,,,,,x,
,,,,,,,,x,x,x,,,,,,,x,
,,,,,,,,x,x,x,,,,,,,x,
,,,,,,,,x,x,x,,,,,,,x,
,,,,,,,,x,x,x,,,,,,,x,
,,,,,,,,x,x,x,,,,,,,x,
,,,,,,,,x,x,x,,,,,,,x,
,,,,,,,,x,x,x,,,,,,,x,
,,,,,,,,x,x,x,,,,,,,x,
,,,,,,,,x,x,x,,,,,,,x,
,,,,,,,,x,x,x,,,,,,,x,
,,,,,,,,x,x,x,,,,,,,x,
,,,,,,,,x,x,x,,,,,,,x,
,,,,,,,,x,x,x,,,,,,,x,
,,,,,,,,x,x,x,,,,,,,x,
,,,,,,,,x,x,x,,,,,,,x,
,,,,,,,,x,x,x,,,,,,,x,
,,,,,,,,x,x,x,,,,,,,x,
,,,,,,,,x,x,x,,,,,,,x,
,,,,,,,,x,x,x,,,,,,,x,
,,,,,,,,x,x,x,,,,,,,x,
,,,,,,,,x,x,x,,,,,,,x,
,,,,,,,,x,x,x,,,,,,,x,
,,,,,,,,x,x,x,,,,,,,x,
,,,,,,,,x,x,x,,,,,,,x,
,,,,,,,,x,x,x,,,,,,,x,
,,,,,,,,x,x,x,,,,,,,x,
,,,,,,,,x,x,x,,,,,,,x,
,,,,,,,,x,x,x,,,,,,,x,
,,,,,,,,x,x,x,,,,,,,x,
,,,,,,,,x,x,x,,,,,,,x,
,,,,,,,,x,x,x,,,,,,,x,
,,,,,,,,x,x,x,,,,,,,x,
,,,,,,,,x,x,x,,,,,,,x,
,,,,,,,,x,x,x,,,,,,,x,
,,,,,,,,x,x,x,,,,,,,x,
,,,,,,,,x,x,x,,,,,,,x,
,,,,,,,,x,x,x,,,,,,,x,
,,,,,,,,x,x,x,,,,,,,x,
,,,,,,,,x,x,x,,,,,,,x,
,,,,,,,,x,x,x,,,,,,,x,
,,,,,,,,x,x,x,,,,,,,x,
,,,,,,,,x,x,x,,,,,,,x,
,,,,,,,,x,x,x,,,,,,,x,
,,,,,,,,x,x,x,,,,,,,x,
,,,,,,,,x,x,x,,,,,,,x,
,,,,,,,,x,x,x,,,,,,,x,
,,,,,,,,x,x,x,,,,,,,x,
,,,,,,,,x,x,x,,,,,,,x,
,,,,,,,,x,x,x,,,,,,,x,
,,,,,,,,x,x,x,,,,,,,x,
,,,,,,,,x,x,x,,,,,,,x,
,,,,,,,,x,x,x,,,,,,,x,
,,,,,,,,x,x,x,,,,,,,x,
,,,,,,,,x,x,x,,,,,,,x,
,,,,,,,,x,x,x,,,,,,,x,
,,,,,,,,x,x,x,,,,,,,x,
,,,,,,,,x,x,x,,,,,,,x,
,,,,,,,,x,x,x,,,,,,,x,
,,,,,,,,x,x,x,,,,,,,x,
,,,,,,,,x,x,x,,,,,,,x,
,,,,,,,,x,x,x,,,,,,,x,
,,,,,,,,x,x,x,,,,,,,x,
,,,,,,,,x,x,x,,,,,,,x,
,,,,,,,,x,x,x,,,,,,,x,
,,,,,,,,x,x,x,,,,,,,x,
,,,,,,,,x,x,x,,,,,,,x,
,,,,,,,,x,x,x,,,,,,,x,
,,,,,,,,x,x,x,,,,,,,x,
,,,,,,,,x,x,x,,,,,,,x,
,,,,,,,,x,x,x,,,,,,,x,
,,,,,,,,x,x,x,,,,,,,x,
,,,,,,,,x,x,x,,,,,,,x,
,,,,,,,,x,x,x,,,,,,,x,
,,,,,,,,x,x,x,,,,,,,x,
,,,,,,,,x,x,x,,,,,,,x,
,,,,,,,,x,x,x,,,,,,,x,
,,,,,,,,x,x,x,,,,,,,x,
,,,,,,,,x,x,x,,,,,,,x,
,,,,,,,,x,x,x,,,,,,,x,
,,,,,,,,x,x,x,,,,,,,x,
,,,,,,,,x,x,x,,,,,,,x,
,,,,,,,,x,x,x,,,,,,,x,
,,,,,,,,x,x,x,,,,,,,x,
,,,,,,,,x,x,x,,,,,,,x,
,,,,,,,,x,x,x,,,,,,,x,
,,,,,,,,x,x,x,,,,,,,x,
,,,,,,,,x,x,x,,,,,,,x,
,,,,,,,,x,x,x,,,,,,,x,
,,,,,,,,x,x,x,,,,,,,x,
,,,,,,,,x,x,x,,,,,,,x,
,,,,,,,,x,x,x,,,,,,,x,
,,,,,,,,x,x,x,,,,,,,x,
,,,,,,,,x,x,x,,,,,,,x,
,,,,,,,,x,x,x,,,,,,,x,
,,,,,,,,x,x,x,,,,,,,x,
,,,,,,,,x,x,x,,,,,,,x,
,,,,,,,,x,x,x,,,,,,,x,
,,,,,,,,x,x,x,,,,,,,x,
,,,,,,,,x,x,x,,,,,,,x,
,,,,,,,,x,x,x,,,,,,,x,
,,,,,,,,x,x,x,,,,,,,x,
,,,,,,,,x,x,x,,,,,,,x,
,,,,,,,,x,x,x,,,,,,,x,
,,,,,,,,x,x,x,,,,,,,x,
,,,,,,,,x,x,x,,,,,,,x,
,,,,,,,,x,x,x,,,,,,,x,
,,,,,,,,x,x,x,,,,,,,x,
,,,,,,,,x,x,x,,,,,,,x,
,,,,,,,,x,x,x,,,,,,,x,
,,,,,,,,x,x,x,,,,,,,x,
,,,,,,,,x,x,x,,,,,,,x,
,,,,,,,,x,x,x,,,,,,,x,
,,,,,,,,x,x,x,,,,,,,x,
,,,,,,,,x,x,x,,,,,,,x,
,,,,,,,,x,x,x,,,,,,,x,
,,,,,,,,x,x,x,,,,,,,x,
,,,,,,,,x,x,x,,,,,,,x,
,,,,,,,,x,x,x,,,,,,,x,
,,,,,,,,x,x,x,,,,,,,x,
,,,,,,,,x,x,x,,,,,,,x,
,,,,,,,,x,x,x,,,,,,,x,
,,,,,,,,x,x,x,,,,,,,x,
,,,,,,,,x,x,x,,,,,,,x,
,,,,,,,,x,x,x,,,,,,,x,
,,,,,,,,x,x,x,,,,,,,x,
,,,,,,,,x,x,x,,,,,,,x,
,,,,,,,,x,x,x,,,,,,,x,
,,,,,,,,x,x,x,,,,,,,x,
,,,,,,,,x,x,x,,,,,,,x,
,,,,,,,,x,x,x,,,,,,,x,
,,,,,,,,x,x,x,,,,,,,x,
,,,,,,,,x,x,x,,,,,,,x,
,,,,,,,,x,x,x,,,,,,,x,
,,,,,,,,x,x,x,,,,,,,x,
,,,,,,,,x,x,x,,,,,,,x,
,,,,,,,,x,x,x,,,,,,,x,
,,,,,,,,x,x,x,,,,,,,x,
,,,,,,,,x,x,x,,,,,,,x,
,,,,,,,,x,x,x,,,,,,,x,
,,,,,,,,x,x,x,,,,,,,x,
,,,,,,,,x,x,x,,,,,,,x,
,,,,,,,,x,x,x,,,,,,,x,
,,,,,,,,x,x,x,,,,,,,x,
,,,,,,,,x,x,x,,,,,,,x,
,,,,,,,,x,x,x,,,,,,,x,
,,,,,,,,x,x,x,,,,,,,x,
,,,,,,,,x,x,x,,,,,,,x,
,,,,,,,,x,x,x,,,,,,,x,
,,,,,,,,x,x,x,,,,,,,x,
,,,,,,,,x,x,x,,,,,,,x,
,,,,,,,,x,x,x,,,,,,,x,
,,,,,,,,x,x,x,,,,,,,x,
,,,,,,,,x,x,x,,,,,,,x,
,,,,,,,,x,x,x,,,,,,,x,
,,,,,,,,x,x,x,,,,,,,x,
,,,,,,,,x,x,x,,,,,,,x,
,,,,,,,,x,x,x,,,,,,,x,
,,,,,,,,x,x,x,,,,,,,x,
,,,,,,,,x,x,x,,,,,,,x,
,,,,,,,,x,x,x,,,,,,,x,
,,,,,,,,x,x,x,,,,,,,x,
,,,,,,,,x,x,x,,,,,,,x,
,,,,,,,,x,x,x,,,,,,,x,
,,,,,,,,x,x,x,,,,,,,x,
,,,,,,,,x,x,x,,,,,,,x,
,,,,,,,,x,x,x,,,,,,,x,
,,,,,,,,x,x,x,,,,,,,x,
,,,,,,,,x,x,x,,,,,,,x,
,,,,,,,,x,x,x,,,,,,,x,
,,,,,,,,x,x,x,,,,,,,x,
,,,,,,,,x,x,x,,,,,,,x,
,,,,,,,,x,x,x,,,,,,,x,
,,,,,,,,x,x,x,,,,,,,x,
,,,,,,,,x,x,x,,,,,,,x,
,,,,,,,,x,x,x,,,,,,,x,
,,,,,,,,x,x,x,,,,,,,x,
,,,,,,,,x,x,x,,,,,,,x,
,,,,,,,,x,x,x,,,,,,,x,
,,,,,,,,x,x,x,,,,,,,x,
,,,,,,,,x,x,x,,,,,,,x,
,,,,,,,,x,x,x,,,,,,,x,
,,,,,,,,x,x,x,,,,,,,x,
,,,,,,,,x,x,x,,,,,,,x,
,,,,,,,,x,x,x,,,,,,,x,
,,,,,,,,x,x,x,,,,,,,x,
,,,,,,,,x,x,x,,,,,,,x,
,,,,,,,,x,x,x,,,,,,,x,
,,,,,,,,x,x,x,,,,,,,x,
,,,,,,,,x,x,x,,,,,,,x,
,,,,,,,,x,x,x,,,,,,,x,
,,,,,,,,x,x,x,,,,,,,x,
,,,,,,,,x,x,x,,,,,,,x,
,,,,,,,,x,x,x,,,,,,,x,
,,,,,,,,x,x,x,,,,,,,x,
,,,,,,,,x,x,x,,,,,,,x,
,,,,,,,,x,x,x,,,,,,,x,
,,,,,,,,x,x,x,,,,,,,x,
,,,,,,,,x,x,x,,,,,,,x,
,,,,,,,,x,x,x,,,,,,,x,
,,,,,,,,x,x,x,,,,,,,x,
,,,,,,,,x,x,x,,,,,,,x,
,,,,,,,,x,x,x,,,,,,,x,
,,,,,,,,x,x,x,,,,,,,x,
,,,,,,,,x,x,x,,,,,,,x,
,,,,,,,,x,x,x,,,,,,,x,
,,,,,,,,x,x,x,,,,,,,x,
,,,,,,,,x,x,x,,,,,,,x,
,,,,,,,,x,x,x,,,,,,,x,
,,,,,,,,x,x,x,,,,,,,x,
,,,,,,,,x,x,x,,,,,,,x,
,,,,,,,,x,x,x,,,,,,,x,
,,,,,,,,x,x,x,,,,,,,x,
,,,,,,,,x,x,x,,,,,,,x,
,,,,,,,,x,x,x,,,,,,,x,
,,,,,,,,x,x,x,,,,,,,x,
,,,,,,,,x,x,x,,,,,,,x,
,,,,,,,,x,x,x,,,,,,,x,
,,,,,,,,x,x,x,,,,,,,x,
,,,,,,,,x,x,x,,,,,,,x,
,,,,,,,,x,x,x,,,,,,,x,
,,,,,,,,x,x,x,,,,,,,x,
,,,,,,,,x,x,x,,,,,,,x,
,,,,,,,,x,x,x,,,,,,,x,
,,,,,,,,x,x,x,,,,,,,x,
,,,,,,,,x,x,x,,,,,,,x,
,,,,,,,,x,x,x,,,,,,,x,
,,,,,,,,x,x,x,,,,,,,x,
,,,,,,,,x,x,x,,,,,,,x,
,,,,,,,,x,x,x,,,,,,,x,
,,,,,,,,x,x,x,,,,,,,x,
,,,,,,,,x,x,x,,,,,,,x,
,,,,,,,,x,x,x,,,,,,,x,
,,,,,,,,x,x,x,,,,,,,x,
,,,,,,,,x,x,x,,,,,,,x,
,,,,,,,,x,x,x,,,,,,,x,
,,,,,,,,x,x,x,,,,,,,x,
,,,,,,,,x,x,x,,,,,,,x,
,,,,,,,,x,x,x,,,,,,,x,
,,,,,,,,x,x,x,,,,,,,x,
,,,,,,,,x,x,x,,,,,,,x,
,,,,,,,,x,x,x,,,,,,,x,
,,,,,,,,x,x,x,,,,,,,x,
,,,,,,,,x,x,x,,,,,,,x,
,,,,,,,,x,x,x,,,,,,,x,
,,,,,,,,x,x,x,,,,,,,x,
,,,,,,,,x,x,x,,,,,,,x,
,,,,,,,,x,x,x,,,,,,,x,
,,,,,,,,x,x,x,,,,,,,x,
,,,,,,,,x,x,x,,,,,,,x,
,,,,,,,,x,x,x,,,,,,,x,
,,,,,,,,x,x,x,,,,,,,x,
,,,,,,,,x,x,x,,,,,,,x,
,,,,,,,,x,x,x,,,,,,,x,
,,,,,,,,x,x,x,,,,,,,x,
,,,,,,,,x,x,x,,,,,,,x,
,,,,,,,,x,x,x,,,,,,,x,
,,,,,,,,x,x,x,,,,,,,x,
,,,,,,,,x,x,x,,,,,,,x,
,,,,,,,,x,x,x,,,,,,,x,
,,,,,,,,x,x,x,,,,,,,x,
,,,,,,,,x,x,x,,,,,,,x,
,,,,,,,,x,x,x,,,,,,,x,
,,,,,,,,x,x,x,,,,,,,x,
,,,,,,,,x,x,x,,,,,,,x,
,,,,,,,,x,x,x,,,,,,,x,
,,,,,,,,x,x,x,,,,,,,x,
,,,,,,,,x,x,x,,,,,,,x,
,,,,,,,,x,x,x,,,,,,,x,
,,,,,,,,x,x,x,,,,,,,x,
,,,,,,,,x,x,x,,,,,,,x,
,,,,,,,,x,x,x,,,,,,,x,
,,,,,,,,x,x,x,,,,,,,x,
,,,,,,,,x,x,x,,,,,,,x,
,,,,,,,,x,x,x,,,,,,,x,
,,,,,,,,x,x,x,,,,,,,x,
,,,,,,,,x,x,x,,,,,,,x,
,,,,,,,,x,x,x,,,,,,,x,
,,,,,,,,x,x,x,,,,,,,x,
,,,,,,,,x,x,x,,,,,,,x,
,,,,,,,,x,x,x,,,,,,,x,
,,,,,,,,x,x,x,,,,,,,x,
,,,,,,,,x,x,x,,,,,,,x,
,,,,,,,,x,x,x,,,,,,,x,
,,,,,,,,x,x,x,,,,,,,x,
,,,,,,,,x,x,x,,,,,,,x,
,,,,,,,,x,x,x,,,,,,,x,
,,,,,,,,x,x,x,,,,,,,x,
,,,,,,,,x,x,x,,,,,,,x,
,,,,,,,,x,x,x,,,,,,,x,
,,,,,,,,x,x,x,,,,,,,x,
,,,,,,,,x,x,x,,,,,,,x,
,,,,,,,,x,x,x,,,,,,,x,
,,,,,,,,x,x,x,,,,,,,x,
,,,,,,,,x,x,x,,,,,,,x,
,,,,,,,,x,x,x,,,,,,,x,
,,,,,,,,x,x,x,,,,,,,x,
,,,,,,,,x,x,x,,,,,,,x,
,,,,,,,,x,x,x,,,,,,,x,
,,,,,,,,x,x,x,,,,,,,x,
,,,,,,,,x,x,x,,,,,,,x,
,,,,,,,,x,x,x,,,,,,,x,
,,,,,,,,x,x,x,,,,,,,x,
,,,,,,,,x,x,x,,,,,,,x,
,,,,,,,,x,x,x,,,,,,,x,
,,,,,,,,x,x,x,,,,,,,x,
,,,,,,,,x,x,x,,,,,,,x,
,,,,,,,,x,x,x,,,,,,,x,
,,,,,,,,x,x,x,,,,,,,x,
,,,,,,,,x,x,x,,,,,,,x,
,,,,,,,,x,x,x,,,,,,,x,
,,,,,,,,x,x,x,,,,,,,x,
,,,,,,,,x,x,x,,,,,,,x,
,,,,,,,,x,x,x,,,,,,,x,
,,,,,,,,x,x,x,,,,,,,x,
,,,,,,,,x,x,x,,,,,,,x,
,,,,,,,,x,x,x,,,,,,,x,
,,,,,,,,x,x,x,,,,,,,x,
,,,,,,,,x,x,x,,,,,,,x,
,,,,,,,,x,x,x,,,,,,,x,
,,,,,,,,x,x,x,,,,,,,x,
,,,,,,,,x,x,x,,,,,,,x,
,,,,,,,,x,x,x,,,,,,,x,
,,,,,,,,x,x,x,,,,,,,x,
,,,,,,,,x,x,x,,,,,,,x,
,,,,,,,,x,x,x,,,,,,,x,
,,,,,,,,x,x,x,,,,,,,x,
,,,,,,,,x,x,x,,,,,,,x,
,,,,,,,,x,x,x,,,,,,,x,
,,,,,,,,x,x,x,,,,,,,x,
,,,,,,,,x,x,x,,,,,,,x,
,,,,,,,,x,x,x,,,,,,,x,
,,,,,,,,x,x,x,,,,,,,x,
,,,,,,,,x,x,x,,,,,,,x,
,,,,,,,,x,x,x,,,,,,,x,
,,,,,,,,x,x,x,,,,,,,x,
,,,,,,,,x,x,x,,,,,,,x,
,,,,,,,,x,x,x,,,,,,,x,
,,,,,,,,x,x,x,,,,,,,x,
,,,,,,,,x,x,x,,,,,,,x,
,,,,,,,,x,x,x,,,,,,,x,
,,,,,,,,x,x,x,,,,,,,x,
,,,,,,,,x,x,x,,,,,,,x,
,,,,,,,,x,x,x,,,,,,,x,
,,,,,,,,x,x,x,,,,,,,x,
,,,,,,,,x,x,x,,,,,,,x,
,,,,,,,,x,x,x,,,,,,,x,
,,,,,,,,x,x,x,,,,,,,x,
,,,,,,,,x,x,x,,,,,,,x,
,,,,,,,,x,x,x,,,,,,,x,
,,,,,,,,x,x,x,,,,,,,x,
,,,,,,,,x,x,x,,,,,,,x,
,,,,,,,,x,x,x,,,,,,,x,
,,,,,,,,x,x,x,,,,,,,x,
,,,,,,,,x,x,x,,,,,,,x,
,,,,,,,,x,x,x,,,,,,,x,
,,,,,,,,x,x,x,,,,,,,x,
,,,,,,,,x,x,x,,,,,,,x,
,,,,,,,,x,x,x,,,,,,,x,
,,,,,,,,x,x,x,,,,,,,x,
,,,,,,,,x,x,x,,,,,,,x,
,,,,,,,,x,x,x,,,,,,,x,
,,,,,,,,x,x,x,,,,,,,x,
,,,,,,,,x,x,x,,,,,,,x,
,,,,,,,,x,x,x,,,,,,,x,
,,,,,,,,x,x,x,,,,,,,x,
,,,,,,,,x,x,x,,,,,,,x,
,,,,,,,,x,x,x,,,,,,,x,
,,,,,,,,x,x,x,,,,,,,x,
,,,,,,,,x,x,x,,,,,,,x,
,,,,,,,,x,x,x,,,,,,,x,
,,,,,,,,x,x,x,,,,,,,x,
,,,,,,,,x,x,x,,,,,,,x,
,,,,,,,,x,x,x,,,,,,,x,
,,,,,,,,x,x,x,,,,,,,x,
,,,,,,,,x,x,x,,,,,,,x,
,,,,,,,,x,x,x,,,,,,,x,
,,,,,,,,x,x,x,,,,,,,x,
,,,,,,,,x,x,x,,,,,,,x,
,,,,,,,,x,x,x,,,,,,,x,
,,,,,,,,x,x,x,,,,,,,x,
,,,,,,,,x,x,x,,,,,,,x,
,,,,,,,,x,x,x,,,,,,,x,
,,,,,,,,x,x,x,,,,,,,x,
,,,,,,,,x,x,x,,,,,,,x,
,,,,,,,,x,x,x,,,,,,,x,
,,,,,,,,x,x,x,,,,,,,x,
,,,,,,,,x,x,x,,,,,,,x,
,,,,,,,,x,x,x,,,,,,,x,
,,,,,,,,x,x,x,,,,,,,x,
,,,,,,,,x,x,x,,,,,,,x,
,,,,,,,,x,x,x,,,,,,,x,
,,,,,,,,x,x,x,,,,,,,x,
,,,,,,,,x,x,x,,,,,,,x,
,,,,,,,,x,x,x,,,,,,,x,
,,,,,,,,x,x,x,,,,,,,x,
,,,,,,,,x,x,x,,,,,,,x,
,,,,,,,,x,x,x,,,,,,,x,
,,,,,,,,x,x,x,,,,,,,x,
,,,,,,,,x,x,x,,,,,,,x,
,,,,,,,,x,x,x,,,,,,,x,
,,,,,,,,x,x,x,,,,,,,x,
,,,,,,,,x,x,x,,,,,,,x,
,,,,,,,,x,x,x,,,,,,,x,
,,,,,,,,x,x,x,,,,,,,x,
,,,,,,,,x,x,x,,,,,,,x,
,,,,,,,,x,x,x,,,,,,,x,
,,,,,,,,x,x,x,,,,,,,x,
,,,,,,,,x,x,x,,,,,,,x,
,,,,,,,,x,x,x,,,,,,,x,
,,,,,,,,x,x,x,,,,,,,x,
,,,,,,,,x,x,x,,,,,,,x,
,,,,,,,,x,x,x,,,,,,,x,
,,,,,,,,x,x,x,,,,,,,x,
,,,,,,,,x,x,x,,,,,,,x,
,,,,,,,,x,x,x,,,,,,,x,
,,,,,,,,x,x,x,,,,,,,x,
,,,,,,,,x,x,x,,,,,,,x,
,,,,,,,,x,x,x,,,,,,,x,
,,,,,,,,x,x,x,,,,,,,x,
,,,,,,,,x,x,x,,,,,,,x,
,,,,,,,,x,x,x,,,,,,,x,
,,,,,,,,x,x,x,,,,,,,x,
,,,,,,,,x,x,x,,,,,,,x,
,,,,,,,,x,x,x,,,,,,,x,
,,,,,,,,x,x,x,,,,,,,x,
,,,,,,,,x,x,x,,,,,,,x,
,,,,,,,,x,x,x,,,,,,,x,
,,,,,,,,x,x,x,,,,,,,x,
,,,,,,,,x,x,x,,,,,,,x,
,,,,,,,,x,x,x,,,,,,,x,
,,,,,,,,x,x,x,,,,,,,x,
,,,,,,,,x,x,x,,,,,,,x,
,,,,,,,,x,x,x,,,,,,,x,
,,,,,,,,x,x,x,,,,,,,x,
,,,,,,,,x,x,x,,,,,,,x,
,,,,,,,,x,x,x,,,,,,,x,
,,,,,,,,x,x,x,,,,,,,x,
,,,,,,,,x,x,x,,,,,,,x,
,,,,,,,,x,x,x,,,,,,,x,
,,,,,,,,x,x,x,,,,,,,x,
,,,,,,,,x,x,x,,,,,,,x,
,,,,,,,,x,x,x,,,,,,,x,
,,,,,,,,x,x,x,,,,,,,x,
,,,,,,,,x,x,x,,,,,,,x,
,,,,,,,,x,x,x,,,,,,,x,
,,,,,,,,x,x,x,,,,,,,x,
,,,,,,,,x,x,x,,,,,,,x,
,,,,,,,,x,x,x,,,,,,,x,
,,,,,,,,x,x,x,,,,,,,x,
,,,,,,,,x,x,x,,,,,,,x,
,,,,,,,,x,x,x,,,,,,,x,
,,,,,,,,x,x,x,,,,,,,x,
,,,,,,,,x,x,x,,,,,,,x,
,,,,,,,,x,x,x,,,,,,,x,
,,,,,,,,x,x,x,,,,,,,x,
,,,,,,,,x,x,x,,,,,,,x,
,,,,,,,,x,x,x,,,,,,,x,
,,,,,,,,x,x,x,,,,,,,x,
,,,,,,,,x,x,x,,,,,,,x,
,,,,,,,,x,x,x,,,,,,,x,
,,,,,,,,x,x,x,,,,,,,x,
,,,,,,,,x,x,x,,,,,,,x,
,,,,,,,,x,x,x,,,,,,,x,
,,,,,,,,x,x,x,,,,,,,x,
,,,,,,,,x,x,x,,,,,,,x,
,,,,,,,,x,x,x,,,,,,,x,
,,,,,,,,x,x,x,,,,,,,x,
,,,,,,,,x,x,x,,,,,,,x,
,,,,,,,,x,x,x,,,,,,,x,
,,,,,,,,x,x,x,,,,,,,x,
,,,,,,,,x,x,x,,,,,,,x,
,,,,,,,,x,x,x,,,,,,,x,
,,,,,,,,x,x,x,,,,,,,x,
,,,,,,,,x,x,x,,,,,,,x,
,,,,,,,,x,x,x,,,,,,,x,
,,,,,,,,x,x,x,,,,,,,x,
,,,,,,,,x,x,x,,,,,,,x,
,,,,,,,,x,x,x,,,,,,,x,
,,,,,,,,x,x,x,,,,,,,x,
,,,,,,,,x,x,x,,,,,,,x,
,,,,,,,,x,x,x,,,,,,,x,
,,,,,,,,x,x,x,,,,,,,x,
,,,,,,,,x,x,x,,,,,,,x,
,,,,,,,,x,x,x,,,,,,,x,
,,,,,,,,x,x,x,,,,,,,x,
,,,,,,,,x,x,x,,,,,,,x,
,,,,,,,,x,x,x,,,,,,,x,
,,,,,,,,x,x,x,,,,,,,x,
,,,,,,,,x,x,x,,,,,,,x,
,,,,,,,,x,x,x,,,,,,,x,
,,,,,,,,x,x,x,,,,,,,x,
,,,,,,,,x,x,x,,,,,,,x,
,,,,,,,,x,x,x,,,,,,,x,
,,,,,,,,x,x,x,,,,,,,x,
,,,,,,,,x,x,x,,,,,,,x,
,,,,,,,,x,x,x,,,,,,,x,
,,,,,,,,x,x,x,,,,,,,x,
,,,,,,,,x,x,x,,,,,,,x,
,,,,,,,,x,x,x,,,,,,,x,
,,,,,,,,x,x,x,,,,,,,x,
,,,,,,,,x,x,x,,,,,,,x,
,,,,,,,,x,x,x,,,,,,,x,
,,,,,,,,x,x,x,,,,,,,x,
,,,,,,,,x,x,x,,,,,,,x,
,,,,,,,,x,x,x,,,,,,,x,
,,,,,,,,x,x,x,,,,,,,x,
,,,,,,,,x,x,x,,,,,,,x,
,,,,,,,,x,x,x,,,,,,,x,
,,,,,,,,x,x,x,,,,,,,x,
,,,,,,,,x,x,x,,,,,,,x,
,,,,,,,,x,x,x,,,,,,,x,
,,,,,,,,x,x,x,,,,,,,x,
,,,,,,,,x,x,x,,,,,,,x,
,,,,,,,,x,x,x,,,,,,,x,
,,,,,,,,x,x,x,,,,,,,x,
,,,,,,,,x,x,x,,,,,,,x,
,,,,,,,,x,x,x,,,,,,,x,
,,,,,,,,x,x,x,,,,,,,x,
,,,,,,,,x,x,x,,,,,,,x,
,,,,,,,,x,x,x,,,,,,,x,
,,,,,,,,x,x,x,,,,,,,x,
,,,,,,,,x,x,x,,,,,,,x,
,,,,,,,,x,x,x,,,,,,,x,
,,,,,,,,x,x,x,,,,,,,x,
,,,,,,,,x,x,x,,,,,,,x,
,,,,,,,,x,x,x,,,,,,,x,
,,,,,,,,x,x,x,,,,,,,x,
,,,,,,,,x,x,x,,,,,,,x,
,,,,,,,,x,x,x,,,,,,,x,
,,,,,,,,x,x,x,,,,,,,x,
,,,,,,,,x,x,x,,,,,,,x,
,,,,,,,,x,x,x,,,,,,,x,
,,,,,,,,x,x,x,,,,,,,x,
,,,,,,,,x,x,x,,,,,,,x,
,,,,,,,,x,x,x,,,,,,,x,
,,,,,,,,x,x,x,,,,,,,x,
,,,,,,,,x,x,x,,,,,,,x,
,,,,,,,,x,x,x,,,,,,,x,
,,,,,,,,x,x,x,,,,,,,x,
,,,,,,,,x,x,x,,,,,,,x,
,,,,,,,,x,x,x,,,,,,,x,
,,,,,,,,x,x,x,,,,,,,x,
,,,,,,,,x,x,x,,,,,,,x,
,,,,,,,,x,x,x,,,,,,,x,
,,,,,,,,x,x,x,,,,,,,x,
,,,,,,,,x,x,x,,,,,,,x,
,,,,,,,,x,x,x,,,,,,,x,
,,,,,,,,x,x,x,,,,,,,x,
,,,,,,,,x,x,x,,,,,,,x,
,,,,,,,,x,x,x,,,,,,,x,
,,,,,,,,x,x,x,,,,,,,x,
,,,,,,,,x,x,x,,,,,,,x,
,,,,,,,,x,x,x,,,,,,,x,
,,,,,,,,x,x,x,,,,,,,x,
,,,,,,,,x,x,x,,,,,,,x,
,,,,,,,,x,x,x,,,,,,,x,
,,,,,,,,x,x,x,,,,,,,x,
,,,,,,,,x,x,x,,,,,,,x,
,,,,,,,,x,x,x,,,,,,,x,
,,,,,,,,x,x,x,,,,,,,x,
,,,,,,,,x,x,x,,,,,,,x,
,,,,,,,,x,x,x,,,,,,,x,
,,,,,,,,x,x,x,,,,,,,x,
,,,,,,,,x,x,x,,,,,,,x,
,,,,,,,,x,x,x,,,,,,,x,
,,,,,,,,x,x,x,,,,,,,x,
,,,,,,,,x,x,x,,,,,,,x,
,,,,,,,,x,x,x,,,,,,,x,
,,,,,,,,x,x,x,,,,,,,x,
,,,,,,,,x,x,x,,,,,,,x,
,,,,,,,,x,x,x,,,,,,,x,
,,,,,,,,x,x,x,,,,,,,x,
,,,,,,,,x,x,x,,,,,,,x,
,,,,,,,,x,x,x,,,,,,,x,
,,,,,,,,x,x,x,,,,,,,x,
,,,,,,,,x,x,x,,,,,,,x,
,,,,,,,,x,x,x,,,,,,,x,
,,,,,,,,x,x,x,,,,,,,x,
,,,,,,,,x,x,x,,,,,,,x,
,,,,,,,,x,x,x,,,,,,,x,
,,,,,,,,x,x,x,,,,,,,x,
,,,,,,,,x,x,x,,,,,,,x,
,,,,,,,,x,x,x,,,,,,,x,
,,,,,,,,x,x,x,,,,,,,x,
,,,,,,,,x,x,x,,,,,,,x,
,,,,,,,,x,x,x,,,,,,,x,
,,,,,,,,x,x,x,,,,,,,x,
,,,,,,,,x,x,x,,,,,,,x,
,,,,,,,,x,x,x,,,,,,,x,
,,,,,,,,x,x,x,,,,,,,x,
,,,,,,,,x,x,x,,,,,,,x,