ID,Included from paper (ID),Snowballing Direction,Title,Authors,Venue,Venue Acronym,Venue Type,Year,Notes,,,,,,,,,,,,,,,,,,,,
YAPCGV3M,RL4Q2U3X,B,On the energy consumption of design patterns,"Bunse, Christian; Stiemer, Sebastian","Softwaretechnik-Trends: Vol. 33, No. 2",,journal,2013,Not a research paper. Paper does not propose any energy efficient tactics,,,,,,,,,,,,,,,,,,,,
ZDZRYTDW,RL4Q2U3X,B,Energy consumption analysis of design patterns,"Litke, Andreas; Zotos, Kostas; Chatzigeorgiou, Alexander; Stephanides, George",Proceedings of the International Conference on Machine Learning and Software Engineering,,conference,2005,"Paper analyzes three code design patterns and finds that two of them do not make the energy efficiency change. One of the patterns, the observer pattern makes the energy efficiency diminish in a significant extent. However, paper does not provide for energy efficient design patterns or tactics.",,,,,,,,,,,,,,,,,,,,
H7X4ERDG,S2IRVNC6,B,Managing battery lifetime with energy-aware adaptation,"Flinn, Jason; Satyanarayanan, Mahadev",ACM Transactions on Computer Systems (TOCS),,journal,2004,"This proposes a way of measuring mobile applications’ and the mobile OS’s energy consumption at runtime. For this, the authors detail the implementation of PowerScope, although it was already introduced in a previous paper. The authors also propose modifications to Linux that would guide applications on how to better manage energy consumption. Hence, this paper mainly focuses on how to make OS level measurements and improvements to increase the energy efficiency of applications, and does not target application software design.",,,,,,,,,,,,,,,,,,,,
Q9GTGPBJ,S2IRVNC6,B,An energy-aware framework for dynamic software management in mobile computing systems,"Fei, Yunsi; Zhong, Lin; Jha, Niraj K.",ACM Transactions on Embedded Computing Systems (TECS),,journal,2008,"Paper proposes the adoption of an energy-management framework that analyzes mobile applications and creates a priority-based preemption policy for multiple applications to avoid competition. However, the paper is not written for software developers at the application level, but for researchers at the low-level energy-framework level that are developing such energy-management frameworks.",,,,,,,,,,,,,,,,,,,,
3ZQHLAPV,S2IRVNC6,B,Performance and Energy Optimization for the Android Platform,"Lewerentz, Andreaz; Lindvall, Jonathan",,,document,2012,Not peer-reviewed.,,,,,,,,,,,,,,,,,,,,
WNIXXMIU,S2IRVNC6,B,Android on mobile devices: An energy perspective,"Paul, Kolin; Kundu, Tapas Kumar",2010 10th IEEE International Conference on Computer and Information Technology,,conference,2010,Paper proposes using the Android OS in low power embedded systems to increase energy efficiency.,,,,,,,,,,,,,,,,,,,,
D7AETB8P,KSR7NJ2X,B,Investigating the impacts of web servers on web application energy usage,"Manotas, Irene; Sahin, Cagri; Clause, James; Pollock, Lori; Winbladh, Kristina",2013 2nd International Workshop on Green and Sustainable Software (GREENS),,conference,2013,"Paper does not find that any web server is energy efficiency overall over the others, but that each web server is more energy efficient performing different API calls.",,,,,,,,,,,,,,,,,,,,
5LU4DB4E,RL4Q2U3X,B,Green cloud computing: An energy-aware layer in software architecture,"Beik, Rasoul",2012 Spring congress on engineering and technology,,conference,2012,"Paper proposes to add an energy-aware layer in software architecture of that centers that can be used to automatically &nbsp;evaluate micro- and macro-metrics to determine energy consumption in data centers. However, this paper is written the point of view of data centers.",,,,,,,,,,,,,,,,,,,,
9J7V3PY7,RL4Q2U3X,B,Green: The new computing coat of arms?,"Williams, Joseph; Curtis, Lewis",IT Professional Magazine,,journal,2008,"Paper is not peer reviewed. It gives an introduction to the conference, but does not provide any software tactics.",,,,,,,,,,,,,,,,,,,,
M4X2GRIC,RL4Q2U3X,B,"Exploring initial challenges for green software engineering: summary of the first GREENS workshop, at ICSE 2012","Lago, Patricia; Kazman, Rick; Meyer, Niklaus; Morisio, Maurizio; Müller, Hausi A.; Paulisch, Frances",ACM SIGSOFT Software Engineering Notes,,journal,2013,"Not a peer reviewed paper, conference notes.",,,,,,,,,,,,,,,,,,,,
IN8SVP54,RL4Q2U3X,B,The green lab: Experimentation in software energy efficiency,"Procaccianti, Giuseppe; Lago, Patricia; Vetro, Antonio; Fernández, Daniel Méndez; Wieringa, Roel",2015 IEEE/ACM 37th IEEE International Conference on Software Engineering,,conference,2015,"Need Clarification. Paper introduces concepts about software engineering, but does not introduce any tactics for EE software. Although the paper does present energy hotspot identification, it does not do it at the detail level of a peer reviewed paper.",,,,,,,,,,,,,,,,,,,,
NFGYEVE5,RL4Q2U3X,B,"Green software and green software engineering–definitions, measurements, and quality aspects","Kern, Eva; Dick, Markus; Naumann, Stefan; Guldner, Achim; Johann, Timo","First International Conference on Information and Communication Technologies for Sustainability (ICT4S2013), 2013b ETH Zurich",,conference,2013,"Paper is just an overview of the greenmodel, and a more detailed paper is included.",,,,,,,,,,,,,,,,,,,,
N2BNT8LY,RL4Q2U3X,B,A survey of computing strategies for green cloud,"Rubyga, G.; SathiaBhama, Ponsy RK",2016 Second International Conference on Science Technology Engineering and Management (ICONSTEM),,conference,2016,"Paper presents virtualization, consolidation and migration techniques implementable the perspective of a cloud provider. This paper however does not include techniques applicable at application level software.",,,,,,,,,,,,,,,,,,,,
UVQ7DZBI,RL4Q2U3X,B,A green program lifecycle supporting energy-efficient applications,"Gamez, Nadia; Horcas, Jose-Miguel; Pinto, Mónica; Fuentes, Lidia",arXiv preprint arXiv:1612.08073,,journal,2016,Not peer reviewed.,,,,,,,,,,,,,,,,,,,,
6JAF8ANS,RL4Q2U3X,B,Requirements: The key to sustainability,"Becker, Christoph; Betz, Stefanie; Chitchyan, Ruzanna; Duboc, Leticia; Easterbrook, Steve M.; Penzenstadler, Birgit; Seyff, Norbet; Venters, Colin C.",IEEE Software,,journal,2015,"Paper explores how software affects sustainability of different human aspects such as social, individual, technical, and economical. However paper does not propose tactics to improve the energy efficiency of software at the application level.",,,,,,,,,,,,,,,,,,,,
GKXYHTZR,RL4Q2U3X,B,An empirical study of practitioners' perspectives on green software engineering,"Manotas, Irene; Bird, Christian; Zhang, Rui; Shepherd, David; Jaspan, Ciera; Sadowski, Caitlin; Pollock, Lori; Clause, James",2016 IEEE/ACM 38th International Conference on Software Engineering (ICSE),,conference,2016,"Paper investigates software engineers’ perceptions of energy efficiency when designing, constructing, debugging, and maintaining software. However, they do not provide any tactics to increase energy efficiency.",,,,,,,,,,,,,,,,,,,,
ZQTQMMDC,RL4Q2U3X,B,Meeting green computing challenges,"Wang, David",2008 10th Electronics Packaging Technology Conference,,conference,2008,"Paper explores the energy footprint of business and personal computing, however, although the paper does recognize the need for tactics or techniques to improve the energy efficiency of software, it does not propose any.",,,,,,,,,,,,,,,,,,,,
WZ6R42M2,NEG9D9ZD,B,Power optimization-a reality check,"Dawson-Haggerty, Stephen; Krioukov, Andrew; Culler, David E.",,,report,2009,"Paper is not peer reviewed. In addition, paper only presents hardware level analysis of power management.",,,,,,,,,,,,,,,,,,,,
8EMK7DCJ,NEG9D9ZD,B,Efficient C code for ARM devices,"Shore, C.","Proceedings of the ARM Technology Conference, Santa Clara, CA, USA",,conference,2010,Paper not available.,,,,,,,,,,,,,,,,,,,,
PCNDTRXB,NEG9D9ZD,B,Performance and power analysis of HPC workloads on heterogeneous multi-node clusters,"Mantovani, Filippo; Calore, Enrico",Journal of Low Power Electronics and Applications,,journal,2018,HCP papers fall outside of general purpose application software.,,,,,,,,,,,,,,,,,,,,
BEETNX88,NEG9D9ZD,B,Code optimization using code purifier,"Malviya, Neeta; Khunteta, Ajay",Int. J. Comput. Sci. Inf. Technol.(IJCSIT),,journal,2015,"Paper proposes code optimization at the compiler level. As such, this paper is outside of the application software level.",,,,,,,,,,,,,,,,,,,,
L5UICH9K,NEG9D9ZD,B,Optimal code compiling in C,"Gupta, Nitika; Seth, Nistha; Verma, Prabhat",Int. J. Comput. Sci. Inf. Technol.(IJCSIT),,journal,2015,Paper proposes compiler level optimizations for C code which falls outside of standard application range.,,,,,,,,,,,,,,,,,,,,
NNETHHJR,NEG9D9ZD,B,Optimization of computer programs in c,"Lee, Michael E.","Senior Programmer, Ontek Corporation, CA USA",,journal,2001,Paper not available.,,,,,,,,,,,,,,,,,,,,
CAMVVD76,NEG9D9ZD,B,Writing efficient C and C code optimization,"Ghosh, Koushik",The Code Project. Disponıvel em http://www. codeproject. com. Ultima visita no dia,,journal,2004,Paper not available.,,,,,,,,,,,,,,,,,,,,
9GZKUM34,NEG9D9ZD,B,C++ optimization strategies and techniques,"Isensee, Pete","Conference proceedings: conference, March 15–19: expo, March 16–18, San Jose, CA: the game development platform for real life",,conference,1999,Paper is not peer reviewed.,,,,,,,,,,,,,,,,,,,,
6QSEAR6B,NEG9D9ZD,B,A fuzzy rule-based system to predict energy consumption of genetic programming algorithms,"Diaz Alvarez, Josefa; Castillo Martínez, Pedro Angel; Rodríguez Díaz, Francisco Javier; Fernández de Vega, Francisco",,,journal,2018,Paper is focused only on evolutionary algorithms and falls out of the standard application range.,,,,,,,,,,,,,,,,,,,,
TKXTFB34,TWCATIEK,B,Harnessing green IT: Principles and practices,"Murugesan, San",IT Professional,,journal,2008,Paper does not propose any application level software tactics.,,,,,,,,,,,,,,,,,,,,
BJPRGQ8S,TWCATIEK,B,Sustainability design in requirements engineering: state of practice,"Chitchyan, Ruzanna; Becker, Christoph; Betz, Stefanie; Duboc, Leticia; Penzenstadler, Birgit; Seyff, Norbert; Venters, Colin C.",Proceedings of the 38th International Conference on Software Engineering Companion,,conference,2016,"Paper does not focus on energy efficient software tactics at the application level, but on sustainability as a whole in requirements engineering.",,,,,,,,,,,,,,,,,,,,
XZN7DW52,TWCATIEK,B,A Master Program on Engineering Energy-Aware Software.,"Lago, Patricia",EnviroInfo,,conference,2014,Paper details the Masters in Software Engineering at Vrije Universiteit. Not application software related.,,,,,,,,,,,,,,,,,,,,
YDDWDRL4,TWCATIEK,B,Aligning economic impact with environmental benefits: A green strategy model,"Gu, Qing; Lago, Patricia; Potenza, Simone",2012 First International Workshop on Green and Sustainable Software (GREENS),,conference,2012,"Paper describes the design of mapping business goals to green strategies and aligning each action to the environmental benefit. Hence, this paper does not propose green tactics at the application level.",,,,,,,,,,,,,,,,,,,,
GGPRHLR9,8MGR82XA,B,How do code refactorings affect energy usage?,"Sahin, Cagri; Pollock, Lori; Clause, James",Proceedings of the 8th ACM/IEEE International Symposium on Empirical Software Engineering and Measurement,,conference,2014,Paper analyses code refactorings to determine whether they increase or decrease energy efficiency. The authors found that the code refactorings analyzed do not consistently increase or decrease energy efficiency.,,,,,,,,,,,,,,,,,,,,
WW433SAS,8MGR82XA,B,Evaluation of the impact of code refactoring on embedded software efficiency,"da Silva, Wellisson GP; Brisolara, Lisane; Corrêa, Ulisses B.; Carro, Luigi",Proceedings of the 1st Workshop de Sistemas Embarcados,,conference,2010,"Paper analyzes the energy savings that the inline method gives to three different applications scaling in complexity. The paper finds however, that the most complex application’s energy consumption increases when the inline method is applied. Thus, this method is not found to increase energy efficiency consistently and thus is outside of the scope of this research.",,,,,,,,,,,,,,,,,,,,
6VYTP6ZP,8MGR82XA,B,An empirical study of the performance impacts of android code smells,"Hecht, Geoffrey; Moha, Naouel; Rouvoy, Romain",Proceedings of the international conference on mobile software engineering and systems,,conference,2016,"Paper compares the performance of applications that have code smells compared to those that don’t. They find that applications that do not have code smells perform better in terms of UI. However, they do not use energy efficiency as a metric to measure performance, and thus falls outside of the scope of our research.",,,,,,,,,,,,,,,,,,,,
UT3NS2II,8MGR82XA,B,Hybrid HDFS: Decreasing energy consumption and speeding up hadoop using SSDs,"Polato, Ivanilton; Barbosa, Denilson; Hindle, Abram; Kon, Fabio",PeerJ PrePrints,,journal,2015,"Paper is not peer reviewed. Paper also propose the HDFSH framework, a hybrid storage mechanism for HDFS, which uses a combination of Hard Disks and Solid-State Disks to achieve higher performance while saving power in Hadoop computations. Not application level.",,,,,,,,,,,,,,,,,,,,
S4P6H98T,8MGR82XA,B,What do programmers know about the energy consumption of software?,"Pang, Candy; Hindle, Abram; Adams, Bram; Hassan, Ahmed E.",PeerJ PrePrints,,journal,2015,"Paper surveys programmers on energy efficiency tactics and finds that most programmers are unaware on what techniques they can use to reduce the energy consumption of their software. The paper mentions a paper by Pinto et al. that has software energy efficiency tactics, however the citing paper does not propose energy efficiency tactics itself.",,,,,,,,,,,,,,,,,,,,
RPU3KZDM,8MGR82XA,B,A refactoring approach to improve energy consumption of parallel software systems,"Pinto, Gustavo Henrique Lima",,,journal,2015,Not peer reviewed.,,,,,,,,,,,,,,,,,,,,
YZWNJPQJ,8MGR82XA,B,Green mining: energy consumption of advertisement blocking methods,"Rasmussen, Kent; Wilson, Alex; Hindle, Abram",Proceedings of the 3rd international workshop on green and sustainable software,,conference,2014,"Paper proposes to block ads as a way to reduce energy consumption. They recommend tactics for improving mobile power use via ad-blocking such as optimizing the hosts file, improving the Linux kernel, purchasing ad-free versions of apps and measuring energy consumption before ad-blockers are used. The tactics in this paper fall more on the user/system software side and outside of the standard application range, and will not be considered.",,,,,,,,,,,,,,,,,,,,
XUQYQCSR,XY5NF3MV,B,Green IS for sustainable decision making in software management,"Anthony, Bokolo Jnr; Majid, Mazlina Abdul",Journal of Soft Computing and Decision Support Systems,,journal,2016,"Paper proposes a green software development model that is claimed to lead to sustainability. However, the paper considers software operation to be just a middle step to achieving software environmental sustainability and does not offer any actionable tactics on how to make software more environmentally sustainable.",,,,,,,,,,,,,,,,,,,,
T7A9375L,XY5NF3MV,B,Developing a cloud energy-saving and case-based reasoning information agent with web service techniques,"Yang, Sheng-Yuan","2012 Fifth International Symposium on Parallel Architectures, Algorithms and Programming",,conference,2012,"Paper proposes the architecture for an energy-saving Web-Service-Based Information Agent System (WIAS). The paper does not focus on a WIAS for green software development, but on how to create an energy efficiency WIAS.",,,,,,,,,,,,,,,,,,,,
6LX9I6UI,JL65TSWG,B,Smart Optimization of Energy Consumption Using IoT,"Frank, Anilloy; Asuncion, Rolito; Frank, Mevina",2019 2nd IEEE Middle East and North Africa COMMunications Conference (MENACOMM),,conference,2019,Paper proposes to turn off electronic devices automatically when they are not in use.,,,,,,,,,,,,,,,,,,,,
H7A9Y86V,JL65TSWG,B,Managing energy consumption as an architectural quality attribute,"Kazman, Rick; Haziyev, Serge; Yakuba, Andriy; Tamburri, Damian A.",IEEE Software,,journal,2018,Short Paper.,,,,,,,,,,,,,,,,,,,,
U4XWXIXY,JL65TSWG,B,Green streams for data-intensive software,"Bartenstein, Thomas W.; Liu, Yu David",2013 35th International Conference on Software Engineering (ICSE),,conference,2013,"Paper proposes Green Streams, a stream programming paradigm that uses DVFS to reduce the energy consumption of software. This paper has been because it exclusively proposes a method of using DVFS in streaming programming and DVFS sits at a lower level than application software.",,,,,,,,,,,,,,,,,,,,
BS9SXZ2G,JL65TSWG,B,Starting from green: Energy-centric transformation of smart object architectures,"Flikkema, Paul G.; Yamamoto, Kenji R.; Boegli, Samuel",2012 IEEE Globecom Workshops,,conference,2012,Paper deals with the optimization of IoT device architecture to increase energy efficiency. Out of scope.,,,,,,,,,,,,,,,,,,,,
BWSQCAJR,JL65TSWG,B,ECO–ALOC: Energy-efficient resource allocation for cluster-based software routers,"Fragni, Carlo; Costa, Luís Henrique Maciel Kosmalski",Computer Networks,,journal,2012,Paper proposes routing based energy efficiency optimizations.,,,,,,,,,,,,,,,,,,,,
IK8TYH3A,JL65TSWG,B,State-of-the-art research study for green cloud computing,"Jing, Si-Yuan; Ali, Shahzad; She, Kun; Zhong, Yi",The Journal of Supercomputing,,journal,2013,Paper proposes energy efficiency tactics only a cloud provider perspective.,,,,,,,,,,,,,,,,,,,,
DG6CN4BN,JL65TSWG,B,Runtime monitoring of software energy hotspots,"Noureddine, Adel; Bourdon, Aurelien; Rouvoy, Romain; Seinturier, Lionel",2012 Proceedings of the 27th IEEE/ACM International Conference on Automated Software Engineering,,conference,2012,Paper is a less extended version of Monitoring energy hotspots in software. ; LSBAJWP4.,,,,,,,,,,,,,,,,,,,,
GM6Y9T3V,JL65TSWG,B,Flicker: A dynamically adaptive architecture for power limited multicore systems,"Petrica, Paula; Izraelevitz, Adam M.; Albonesi, David H.; Shoemaker, Christine A.",Proceedings of the 40th Annual International Symposium on Computer Architecture,,conference,2013,"Paper proposes a multi-core CPU architecture “dynamically adapts to varying and potentially stringent limits on allocated power.” (Petrica et al., 2013, p. 13)",,,,,,,,,,,,,,,,,,,,
XBPW336R,JL65TSWG,B,Meta-learning based architectural and algorithmic optimization for achieving green-ness in predictive workload analytics,"Singh, Nidhi; Rao, Shrisha",Proceedings of the 28th Annual ACM Symposium on Applied Computing,,conference,2013,"Paper proposes a server workload prediction algorithm that is energy efficient. However, this paper is written the perspective of cloud providers and IT practitioners only.",,,,,,,,,,,,,,,,,,,,
UBXKRDI2,JL65TSWG,B,Green challenges to system software in data centers,"Sun, Yuzhong; Zhao, Yiqiang; Song, Ying; Yang, Yajun; Fang, Haifeng; Zang, Hongyong; Li, Yaqiong; Gao, Yunwei",Frontiers of Computer Science in China,,journal,2011,Paper is focused only perspective of datacenter.,,,,,,,,,,,,,,,,,,,,
DAK8YK5L,JL65TSWG,B,Energy consumption estimation of virtual machines,"Waßmann, Ingolf; Versick, Daniel; Tavangarian, Djamshid",Proceedings of the 28th Annual ACM Symposium on Applied Computing,,conference,2013,Paper proposes a measuring technique to measure the energy consumption of virtual machines and enable cloud providers to move them to a better suited host computer. This paper is written only the perspective of a cloud provider.,,,,,,,,,,,,,,,,,,,,
8QCEU88E,JL65TSWG,B,A green miner's dataset: mining the impact of software change on energy consumption,"Zhang, Chenlei; Hindle, Abram",Proceedings of the 11th working conference on mining software repositories,,conference,2014,"Paper analyzes green miner datasets, paper is outside of the scope of this paper.",,,,,,,,,,,,,,,,,,,,
VGRZYD6U,XBNH9NN5,B,Analysis of power consumption in memory hierarchies,"Hicks, Patrick; Walnock, Matthew; Owens, Robert Michael",Proceedings of 1997 International Symposium on Low Power Electronics and Design,,conference,1997,Paper compares the various sizes and types of caches.,,,,,,,,,,,,,,,,,,,,
FRIBCK2D,XBNH9NN5,B,"The memory system: you can't avoid it, you can't ignore it, you can't fake it","Jacob, Bruce",Synthesis Lectures on Computer Architecture,,journal,2009,Not peer reviewed. Paper intends to familiarize readers with how memory systems work.,,,,,,,,,,,,,,,,,,,,
HVW3SBAP,XBNH9NN5,B,Reflections on the memory wall,"McKee, Sally A.",Proceedings of the 1st conference on Computing frontiers,,conference,2004,Paper revisits the memory wall. Not at the application level.,,,,,,,,,,,,,,,,,,,,
FSE4L2T9,XBNH9NN5,B,Fast Decentralized Power Capping for Server Clusters.,"Azimi, Reza; Badiei, Masoud; Zhan, Xin; Li, Na; Reda, Sherief",HPCA,,conference,2017,"Paper proposes power capping server clusters to minimize energy consumption. However, paper is not written an application level perspective, and is written a data center perspective.",,,,,,,,,,,,,,,,,,,,
4RUZ73GK,XBNH9NN5,B,Deadspy: a tool to pinpoint program inefficiencies,"Chabbi, Milind; Mellor-Crummey, John",Proceedings of the Tenth International Symposium on Code Generation and Optimization,,conference,2012,"Paper proposes a tool to detect dead writes in code to improve performance. However, this paper focuses solely on performance and not on energy optimization.",,,,,,,,,,,,,,,,,,,,
R4SLTR36,XBNH9NN5,B,Call paths for pin tools,"Chabbi, Milind; Liu, Xu; Mellor-Crummey, John",Proceedings of Annual IEEE/ACM International Symposium on Code Generation and Optimization,,conference,2014,"Paper introduces CCTLib, an open-source library for Pin tools that collects call paths attributing each instruction to full calling context. Not energy efficiency related.",,,,,,,,,,,,,,,,,,,,
YFFTBX48,XBNH9NN5,B,PAPI: A portable interface to hardware performance counters,"Mucci, Philip J.; Browne, Shirley; Deane, Christine; Ho, George",Proceedings of the department of defense HPCMP users group conference,,conference,1999,Paper proposes an API for accessing hardware performance counters available on most modern microprocessors. Not at the application level.,,,,,,,,,,,,,,,,,,,,
HWLX8KZQ,XBNH9NN5,B,Pin: building customized program analysis tools with dynamic instrumentation,"Luk, Chi-Keung; Cohn, Robert; Muth, Robert; Patil, Harish; Klauser, Artur; Lowney, Geoff; Wallace, Steven; Reddi, Vijay Janapa; Hazelwood, Kim",Acm sigplan notices,,journal,2005,Paper proposes the Pintools API allowing the tool writers to analyze an application at the instruction level without the need for detailed knowledge of the underlying instruction set. Not energy efficiency focused.,,,,,,,,,,,,,,,,,,,,
CPVI7A44,WJC7DC24,B,The zettabyte era–trends and analysis,"Index, Cisco Visual Networking",Cisco white paper,,journal,2013,"Paper not available, and not peer reviewed.",,,,,,,,,,,,,,,,,,,,
8T7MCFMW,WJC7DC24,B,Extending mobile device's battery life by offloading computation to cloud,"Qian, Hao; Andresen, Daniel",2015 2nd ACM International Conference on Mobile Software Engineering and Systems,,conference,2015,"Paper proposes a framework that “dynamically adjusts offloading strategy by adapting to workload variation, communication costs, and device status.” (Qian and Andresen, 2015, p. 1) However, this framework sits right underneath the application layer, so it is not in the scope of this paper.",,,,,,,,,,,,,,,,,,,,
D6VJFFM8,WJC7DC24,B,Mobile data offloading: How much can WiFi deliver?,"Lee, Kyunghan; Lee, Joohyun; Yi, Yung; Rhee, Injong; Chong, Song",IEEE/ACM Transactions on networking,,journal,2012,"Paper proposes an analytical framework to decide when to offload data to servers. It proposes delaying data transmission until the users connect to a WIFI network. Applications tag their transmission requests with deadlines which the framework queues. However, this paper assumes that the framework is implemented in the OS, not at the application level.",,,,,,,,,,,,,,,,,,,,
5WZ3TKFX,WJC7DC24,B,Energy consumption in mobile phones: a measurement study and implications for network applications,"Balasubramanian, Niranjan; Balasubramanian, Aruna; Venkataramani, Arun",Proceedings of the 9th ACM SIGCOMM Conference on Internet Measurement,,conference,2009,"Paper proposes TailEnder, a protocol that delays or prefetches data transmission depending on the type of application used. However, this paper sits at the network protocol level, and not at the application level.",,,,,,,,,,,,,,,,,,,,
AGWTUQUE,WJC7DC24,B,Measuring mobile phone energy consumption for 802.11 wireless networking,"Rice, Andrew; Hay, Simon",Pervasive and Mobile Computing,,journal,2010,"Paper measures “Google Android G1, Magic, Hero and Nexus handsets and present results for the average energy consumption of connection and data transmission over 802.11 wireless networks.” (Rice and Hay, 2010, p. 1) Not application level.",,,,,,,,,,,,,,,,,,,,
WKZ3HTBX,WJC7DC24,B,An energy-efficient scheduling scheme for time-constrained tasks in local mobile clouds,"Shi, Ting; Yang, Mei; Li, Xiang; Lei, Qing; Jiang, Yingtao",Pervasive and Mobile Computing,,journal,2016,"Paper proposes an energy efficient technique for mobile cloud computing. However, they focus on an energy efficient way of using mobile cloud computing, instead of focusing on application energy efficiency techniques.",,,,,,,,,,,,,,,,,,,,
C35LJQQ2,WJC7DC24,B,Exhausting battery statistics: understanding the energy demands on mobile handsets,"Vallina-Rodriguez, Narseo; Hui, Pan; Crowcroft, Jon; Rice, Andrew","Proceedings of the second ACM SIGCOMM workshop on Networking, systems, and applications on mobile handhelds",,conference,2010,"Paper proposes to have “schedulers to efficiently allocate energy to the applications by forecasting the future demands” (Vallina-Rodriguez et al., 2010, p. 13) by using “contextual information, helping identify the peaks of usage both in space and time, being possible to identify strong patterns of usage in some users.” (Vallina-Rodriguez et al., 2010, p. 13) However, this paper proposes to have the “OS in each handset to optimise the battery capacity of the device and if an application is not meant to be running, it must be killed.” (Vallina-Rodriguez et al., 2010, p. 13) As such, it is not application level.",,,,,,,,,,,,,,,,,,,,
ARK7NVJE,WJC7DC24,B,DevScope: a nonintrusive and online power analysis tool for smartphone hardware components,"Jung, Wonwoo; Kang, Chulkoo; Yoon, Chanmin; Kim, Donwon; Cha, Hojung",Proceedings of the eighth IEEE/ACM/IFIP international conference on Hardware/software codesign and system synthesis,,conference,2012,"Paper proposes an automatic and online training tool to generate power models. However, this paper is concerned with the OS and generating models based on a specific smartphone. Not application development focused.",,,,,,,,,,,,,,,,,,,,
IU3S76SD,WJC7DC24,B,Handoff strategy for improving energy efficiency and cloud service availability for mobile devices,"Ravi, Anuradha; Peddoju, Sateesh K.",Wireless Personal Communications,,journal,2015,"Paper proposes an algorithm that automatically offloads computations to either the cloud, a cloudlet, or a p2p network. However, the algorithm is implemented at the OS level, or at least below the application level and thus it is outside of the scope of this paper.",,,,,,,,,,,,,,,,,,,,
KYF7RXE8,WJC7DC24,B,An energy-efficient task scheduling for mobile devices based on cloud assistant,"Liu, Tundong; Chen, Fufeng; Ma, Yingran; Xie, Yi",Future Generation Computer Systems,,journal,2016,"Paper proposes a computation offloading scheduler that sits below the application level. Thus, it is outside of the scope of this paper.",,,,,,,,,,,,,,,,,,,,
FD4VPVBI,WJC7DC24,B,Cooperative proxies: Optimally trading energy and quality of service in mobile devices,"Bianzino, Aruna Prem; Asplund, Mikael; Vergara, Ekhiotz Jon; Nadjm-Tehrani, Simin",Computer Networks,,journal,2014,Paper proposes using proxy groups to meet radio interfaces that minimize the energy consumption of mobile devices. This paper is not application specific.,,,,,,,,,,,,,,,,,,,,
C6PAAE74,WJC7DC24,B,Towards energy-efficient task scheduling on smartphones in mobile crowd sensing systems,"Wang, Jing; Tang, Jian; Xue, Guoliang; Yang, Dejun",Computer Networks,,journal,2017,"Paper proposes a sensor scheduling algorithm that schedules the usage of mobile phones sensors to save energy. However, this paper is outside of the application level development.",,,,,,,,,,,,,,,,,,,,
LNJVENFC,WJC7DC24,B,Studying the energy consumption in mobile devices,"Tawalbeh, Mohammad; Eardley, Alan",Procedia Computer Science,,journal,2016,Paper measures the energy consumption of two different smartphones. Not application specific.,,,,,,,,,,,,,,,,,,,,
EXAQ8Z8Z,WJC7DC24,B,Battery monitoring and analysis for android based system,"Karmore, Swapnili P.; Mahajan, Anjali R.; Kitey, Suruchi",2013 15th International Conference on Advanced Computing Technologies (ICACT),,conference,2013,Paper proposes a battery measuring application running at the Android operating system level that can measure the mobile phone’s energy consumption.,,,,,,,,,,,,,,,,,,,,
XJNPWQRN,WJC7DC24,B,MofySim: A mobile full-system simulation framework for energy consumption and performance analysis,"Ju, Minho; Kim, Hyeonggyu; Kim, Soontae",2016 IEEE International Symposium on Performance Analysis of Systems and Software (ISPASS),,conference,2016,Paper proposes a full mobile system simulation framework based on the ARM processor and the Android OS to estimate the energy consumption of full mobile phone systems.,,,,,,,,,,,,,,,,,,,,
DUDJ9F9E,WJC7DC24,B,Towards an efficient context-aware system: Problems and suggestions to reduce energy consumption in mobile devices,"Bernal, Jose Felipe Mejia; Ardito, Luca; Morisio, Maurizio; Falcarin, Paolo",2010 Ninth International Conference on Mobile Business and 2010 Ninth Global Mobility Roundtable (ICMB-GMR),,conference,2010,"Paper proposes to adapt mobile OS’s to provide better information to context aware applications. However, this paper deals with techniques at the OS level and thus is not in the scope of this paper.",,,,,,,,,,,,,,,,,,,,
TVF7BP6B,WJC7DC24,B,A battery-aware algorithm for supporting collaborative applications,"Rollins, Sami; Porten, Jeremiah D.; Brisbin, Kathryn; Chang-Yit, Cheryl",Mobile Networks and Applications,,journal,2012,"Paper proposes an algorithm to select ultrapeers in the Gnutella p2p protocol that selects connected laptops as ultrapeers during maintenance periods in order to save energy. However, this paper falls outside of the standard application range.",,,,,,,,,,,,,,,,,,,,
SA2UT38W,5IT56E4B,B,Refactorings for energy-efficiency,"Gottschalk, Marion; Jelschen, Jan; Winter, Andreas",Advances and new trends in environmental and energy informatics,,book,2016,Paper proposes energy refactoring techniques for mobile applications. Paper is not peer reviewed. Book section.,,,,,,,,,,,,,,,,,,,,
HZAYT2CK,5IT56E4B,B,Does maintainability relate to the energy consumption of software? A case study,"Mancebo, Javier; Calero, Coral; García, Félix",Software Quality Journal,,journal,2021,"Paper finds that there is a correlation between total lines of code and energy consumption of a software application, however, it does not propose any techniques to improve energy efficiency.",,,,,,,,,,,,,,,,,,,,
DYP8L9RB,5IT56E4B,B,Evaluating the impact of caching on the energy consumption and performance of progressive web apps,"Malavolta, Ivano; Chinnappan, Katerina; Jasmontas, Lukas; Gupta, Sarthak; Soltany, Kaveh Ali Karam",Proceedings of the IEEE/ACM 7th International Conference on Mobile Software Engineering and Systems,,conference,2020,"Paper compares the energy consumption of PWAs with cache vs without cache, both populated and empty. This paper finds that cache does not increase energy efficiency, but it does not propose any energy efficient tactics.",,,,,,,,,,,,,,,,,,,,
46LLTQ2A,QRF2VWTV,B,Reducing energy consumption of mobile phones during data transmission and encryption for wireless body area network applications,"DelBello, Chris; Raihan, Kazi; Zhang, Tao",Security and Communication Networks,,journal,2015,Paper analyzes the energy consumption of different WBAN operation protocol.,,,,,,,,,,,,,,,,,,,,
ATGYD369,QRF2VWTV,B,Performance evaluation of symmetric encryption algorithms,"Elminaam, Diaa Salama Abdul; Kader, Hatem Mohamed Abdul; Hadhoud, Mohie Mohamed",IJCSNS International Journal of Computer Science and Network Security,,journal,2008,Paper compares the cpu utilization of different encryption algorithms at the transport layer. Paper is outside of the standard application range.,,,,,,,,,,,,,,,,,,,,
7UDZVGJ6,TSQNKEX2,B,Green cloud computing and environmental sustainability,"Kumar, Saurabh; Buyya, Rajkumar",Harnessing green IT: principles and practices,,journal,2012,Book chapter.,,,,,,,,,,,,,,,,,,,,
3Y6N6YTA,TSQNKEX2,B,"Toward energy-efficient cloud computing: Prediction, consolidation, and overcommitment","Dabbagh, Mehiar; Hamdaoui, Bechir; Guizani, Mohsen; Rayes, Ammar",IEEE network,,journal,2015,Paper is written a cloud service provider perspective only.,,,,,,,,,,,,,,,,,,,,
7IFXXYF4,TSQNKEX2,B,A sustainable systems development lifecycle,"Huang, Hsinchih",,,journal,2008,Paper not available,,,,,,,,,,,,,,,,,,,,
F8AVYJFZ,TSQNKEX2,B,Energy-efficient code generation for DSP56000 family,"Udayanarayanan, Sathishkumar; Chakrabarti, Chaitali",Proceedings of the 2000 international symposium on Low power electronics and design,,conference,2000,"Paper is at the Kernel level, outside of the standard application range.",,,,,,,,,,,,,,,,,,,,
IHG2NTV5,JRTZZRR6,B,Recent trends in energy-efficient cloud computing,"Mastelic, Toni; Brandic, Ivona",IEEE Cloud Computing,,journal,2015,Paper is written only the perspective of cloud providers.,,,,,,,,,,,,,,,,,,,,
MKV2ZYRT,JRTZZRR6,B,Modelling and analysing the power consumption of idle servers,"Basmadjian, Robert; Niedermeier, Florian; De Meer, Hermann",2012 Sustainable Internet and ICT for Sustainability (SustainIT),,conference,2012,Paper is written only the perspective of cloud providers.,,,,,,,,,,,,,,,,,,,,
JXMWXQTC,JRTZZRR6,B,"Mistral: Dynamically managing power, performance, and adaptation cost in cloud infrastructures","Jung, Gueyoung; Hiltunen, Matti A.; Joshi, Kaustubh R.; Schlichting, Richard D.; Pu, Calton",2010 IEEE 30th International Conference on Distributed Computing Systems,,conference,2010,"Paper proposes “a control architecture that optimizes total utility that includes application utility due to meeting/missing performance objectives, power costs, and transient adaptation costs.” (Jung et al., 2010, p. 12). However, this paper is written the perspective of a cloud provider.",,,,,,,,,,,,,,,,,,,,
TR8XK724,JRTZZRR6,B,Energy-aware and real-time service management in cloud computing,"Chawarut, Worachat; Woraphon, Lilakiatsakun","2013 10th International Conference on Electrical Engineering/Electronics, Computer, Telecommunications and Information Technology",,conference,2013,Paper is written the perspective of cloud providers.,,,,,,,,,,,,,,,,,,,,
9ZWH29RK,EUGXAZQP,B,A genetic algorithm based autotuning approach for performance and energy optimization,"Banerjee, Tania; Ranka, Sanjay",2015 Sixth International Green and Sustainable Computing Conference (IGSC),,conference,2015,Paper proposes a genetic autotuning algorithm to improve the energy efficiency of,,,,,,,,,,,,,,,,,,,,
M5U7JRHT,EUGXAZQP,B,Using complete machine simulation for software power estimation: The softwatt approach,"Gurumurthi, Sudhanva; Sivasubramaniam, Anand; Irwin, Mary Jane; Vijaykrishnan, Narayanan; Kandemir, Mahmut",Proceedings Eighth International Symposium on High Performance Computer Architecture,,conference,2002,Paper proposes a simulation tool to measure a system’s energy consumption. Not application level.,,,,,,,,,,,,,,,,,,,,
58N3SUGB,EUGXAZQP,B,Power measurement techniques on standard compute nodes: A quantitative comparison,"Hackenberg, Daniel; Ilsche, Thomas; Schöne, Robert; Molka, Daniel; Schmidt, Maik; Nagel, Wolfgang E.",2013 IEEE International Symposium on Performance Analysis of Systems and Software (ISPASS),,conference,2013,Paper compares different system energy measuring tools. Not application level.,,,,,,,,,,,,,,,,,,,,
GVFT3H7U,EUGXAZQP,B,Post-compiler software optimization for reducing energy,"Schulte, Eric; Dorn, Jonathan; Harding, Stephen; Forrest, Stephanie; Weimer, Westley",ACM SIGARCH Computer Architecture News,,journal,2014,Paper proposes to use a genetic algorithm to optimize software at the assembly level.,,,,,,,,,,,,,,,,,,,,
KWQ4BUTL,JRTZZRR6,B,Energy efficient utilization of resources in cloud computing systems,"Lee, Young Choon; Zomaya, Albert Y.",The Journal of Supercomputing,,journal,2012,Paper is written only the perspective of cloud providers.,,,,,,,,,,,,,,,,,,,,
M5AQU6ZU,JRTZZRR6,B,Introduction to energy and sustainable development,"Islam, M. M.; Hasanuzzaman, M.",Energy for sustainable development,,book,2020,"Book chapter, not peer reviewed.",,,,,,,,,,,,,,,,,,,,
9FJLA2AE,YBZBVBV7,B,Energy-oriented compiler optimizations for partitioned memory architectures,"Delaluz, Victor; Kandemir, M.; Vijaykrishnan, Narayanan; Irwin, Mary Jane","Proceedings of the 2000 international conference on Compilers, architecture, and synthesis for embedded systems",,conference,2000,"Paper proposes a “a compiler-based optimization framework that targets reducing the energy consumption in a partitioned off-chip memory architecture that contains multiple memory banks by organizing the order of computations and the layout of data.” (Delaluz et al., 2000, p. 138). Not application level.",,,,,,,,,,,,,,,,,,,,
5AD3ZBZ4,YBZBVBV7,B,Techniques for low energy software,"Mehta, Huzefa; Owens, Robert Michael; Irwin, Mary Jane; Chen, Rita; Ghosh, Debashree",Proceedings of the 1997 international symposium on Low power electronics and design,,conference,1997,"Paper proposes a “novel compiler technique is proposed which Educes energy consumption by proper register labeling during the compilation phase.” (Mehta et al., 1997, p. 72) Not application level.",,,,,,,,,,,,,,,,,,,,
B6BRVQPU,YBZBVBV7,B,Real time power estimation and thread scheduling via performance counters,"Singh, Karan; Bhadauria, Major; McKee, Sally A.",ACM SIGARCH Computer Architecture News,,journal,2009,Paper proposes to a new way of measuring the energy consumption of computer systems by analyzing performance counters. Not at the application level,,,,,,,,,,,,,,,,,,,,
6LPNZAVI,YBZBVBV7,B,Energy-efficient algorithms,"Albers, Susanne",Communications of the ACM,,journal,2010,Paper proposes energy efficient algorithms at the system and device level. Not application level focused.,,,,,,,,,,,,,,,,,,,,
CHP9QVC5,XX5522G7,B,${$Energy-Adaptive$}$ Display System Designs for Future Mobile Environments,"Iyer, Subu; Luo, Lu; Mayo, Robert; Ranganathan, Parthasarathy","First International Conference on Mobile Systems, Applications, and Services (MobiSys2003)",,conference,2003,Paper proposes energy adaptive display systems that match the energy use to the functionality needed by the workload user.,,,,,,,,,,,,,,,,,,,,
CBLHBWKT,XX5522G7,B,Toward energy-efficient computing,"Brown, David J.; Reams, Charles",Communications of the ACM,,journal,2010,Paper is not peer reviewed.,,,,,,,,,,,,,,,,,,,,
6N4P9VXK,XX5522G7,B,Power-efficient software,"Saxe, Eric",Communications of the ACM,,journal,2010,Paper is not peer reviewed.,,,,,,,,,,,,,,,,,,,,
PKA3L2XG,BMWTFVWN,B,The case for power management in web servers,"Bohrer, Pat; Elnozahy, Elmootazbellah N.; Keller, Tom; Kistler, Michael; Lefurgy, Charles; McDowell, Chandler; Rajamony, Ram",Power aware computing,,book,2002,Not peer reviewed.,,,,,,,,,,,,,,,,,,,,
MB2FADE7,BMWTFVWN,B,Performance evaluation of message-oriented middleware using the SPECjms2007 benchmark,"Sachs, Kai; Kounev, Samuel; Bacon, Jean; Buchmann, Alejandro",Performance Evaluation,,journal,2009,Paper does not consider energy efficiency.,,,,,,,,,,,,,,,,,,,,
PBE9T28T,BMWTFVWN,B,Overall ICT footprint and green communication technologies,"Vereecken, Willem; Van Heddeghem, Ward; Colle, Didier; Pickavet, Mario; Demeester, Piet","2010 4th International Symposium on Communications, Control and Signal Processing (ISCCSP)",,conference,2010,"Paper is not application level, and hardly SE focused.",,,,,,,,,,,,,,,,,,,,
P3ZLDK6T,BMWTFVWN,B,Energy-aware algorithms for tasks and bandwidth co-allocation under real-time and redundancy constraints,"Prosperi, Francesco; Bambagini, Mario; Buttazzo, Giorgio; Marinoni, Mauro; Franchino, Gianluca",Proceedings of 2012 IEEE 17th International Conference on Emerging Technologies & Factory Automation (ETFA 2012),,conference,2012,"“Paper addresses the problem of allocating a task set and the required communication bandwidth on a distributed embedded system, aiming at reducing energy consumption while guaranteeing timing and redundancy constraints.” (Prosperi et al., 2012, p. 1) Paper falls outside of the standard application range.",,,,,,,,,,,,,,,,,,,,
UGHYBHQV,LSBAJWP4,B,Analyzing the harmful effect of god class refactoring on power consumption,"Pérez-Castillo, Ricardo; Piattini, Mario",IEEE software,,journal,2014,"Paper investigates “whether the application of traditional architecture improvement techniques (in this case, design refactoring for antipattern detection) transform system architectures into systems that consume more power.” (Pérez-Castillo and Piattini, 2014, p. 49). They do so by comparing application programs with the God Class refactoring applied vs programs without the refactoring. However, the paper does not propose alternatives to the God Class refactorings that improve on energy efficiency.",,,,,,,,,,,,,,,,,,,,
REUM5X8X,LSBAJWP4,B,Instruction level power analysis and optimization of software,"Tiwari, Vivek; Malik, Sharad; Wolfe, Andrew; Lee, Mike Tien-Chien",Technologies for wireless computing,,book,1996,"Paper proposes a method of measuring power consumption through the analysis of machine instructions. This paper details how hardware manufacturers could measure power consumption through the analysis of machine instructions, however it is outside of application level measuring.",,,,,,,,,,,,,,,,,,,,
8ZSD5SU5,LSBAJWP4,B,"Towards understanding algorithmic factors affecting energy consumption: switching complexity, randomness, and preliminary experiments","Jain, Ravi; Molnar, David; Ramzan, Zulfikar",Proceedings of the 2005 joint workshop on Foundations of mobile computing,,conference,2005,"Paper analyzes how switching, “the measure that captures the extent to which one switches between different functional units during execution.” (Jain et al., 2005, p. 70) affects energy efficiency, but finds no correlation. It also analyzes different random number generator libraries in Linux and C. It finds one of them is better for energy efficiency, but they cannot recommend it for practical use.",,,,,,,,,,,,,,,,,,,,
CRLQ32E4,LSBAJWP4,B,The effects of design pattern application on metric scores,"Huston, Brian",Journal of Systems and Software,,journal,2001,Paper is not focused on energy efficiency.,,,,,,,,,,,,,,,,,,,,
WFEI7HEG,LSBAJWP4,B,A quantitative approach for evaluating the quality of design patterns,"Hsueh, Nien-Lin; Chu, Peng-Hua; Chu, William",Journal of Systems and Software,,journal,2008,"Paper analyzes the quality of design patterns, but does not propose any quality metrics dealing with energy efficiency.",,,,,,,,,,,,,,,,,,,,
3TF9RPGP,LSBAJWP4,B,Extending the strategy pattern for parameterized algorithms,"Sobajic, Ognjen; Moussavi, Mahmood; Far, Behrouz",Proceedings of the 17th Conference on Pattern Languages of Programs,,conference,2010,Paper does not deal with energy efficiency,,,,,,,,,,,,,,,,,,,,
ND2GCW77,LSBAJWP4,B,Software metric for Java and C++ practices,"Balmas, Françoise; Bergel, Alexandre; Denier, Simon; Ducasse, Stéphane; Laval, Jannik; Mordal-Manet, Karine",Journal of System Software,,journal,1993,Paper does not deal with energy efficiency.,,,,,,,,,,,,,,,,,,,,
2HSAKQKQ,LSBAJWP4,B,Assessing power monitoring approaches for energy and power analysis of computers,"Diouri, Mohammed El Mehdi; Dolz, Manuel F.; Glück, Olivier; Lefèvre, Laurent; Alonso, Pedro; Catalán, Sandra; Mayo, Rafael; Quintana-Ortí, Enrique S.",Sustainable Computing: Informatics and Systems,,journal,2014,"Paper presents several methods to measure the energy consumption of a server or a client, but does not deal with application level measurements.",,,,,,,,,,,,,,,,,,,,
XEDUIM4Z,R2FNZSWN,B,From benchmarks to real apps: Exploring the energy impacts of performance-directed changes,"Sahin, Cagri; Pollock, Lori; Clause, James",Journal of Systems and Software,,journal,2016,"Paper analyzes common android performance tips and their impact on energy consumption. However, the study finds that energy consumption is not affected by these performance tips.",,,,,,,,,,,,,,,,,,,,
NLKXJ3MU,R2FNZSWN,B,JetsonLEAP: A framework to measure power on a heterogeneous system-on-a-chip device,"Bessa, Tarsila; Gull, Christopher; Quintão, Pedro; Frank, Michael; Nacif, José; Pereira, Fernando Magno Quintão",Science of Computer Programming,,journal,2019,"“Paper presented JetsonLeap, an apparatus to measure energy consumption in programs running on the Nvidia Tegra board” (Bessa et al., 2019, p. 27), however, the apparatus can only measure programs for embedded systems running on the Nvidia Tegra board which fall outside the standard application range.",,,,,,,,,,,,,,,,,,,,
8M39NMK8,R2FNZSWN,B,How does code obfuscation impact energy usage?,"Sahin, Cagri; Wan, Mian; Tornquist, Philip; McKenna, Ryan; Pearson, Zachary; Halfond, William GJ; Clause, James",Journal of Software: Evolution and Process,,journal,2016,Paper analyzes the change in energy consumption when obfuscating code. However they find no statistically significant difference.,,,,,,,,,,,,,,,,,,,,
ZEJZEACR,GXRX9RTC,B,Modelling and analysis of power consumption for component-based embedded software,"Jun, Hu; Xuandong, Li; Guoliang, Zheng; Chenghua, Wang",International Conference on Embedded and Ubiquitous Computing,,conference,2006,Paper proposes extending the interface automata of embedded software by adding time intervals on the actions and assigning energy consumption rates on the states to model component-based embedded software. Not application level.,,,,,,,,,,,,,,,,,,,,
PHLVW7UP,GXRX9RTC,B,SoftExplorer: Estimating and optimizing the power and energy consumption of a C program for DSP applications,"Senn, Eric; Laurent, Johann; Julien, Nathalie; Martin, Eric",EURASIP Journal on Advances in Signal Processing,,journal,2005,"Paper deals with assembly level energy estimation. Estimations are performed on real-life digital signal processing applications with average errors of 4.2% at the C-level and 1.8% at the assembly level. It can then recommend the best processor for the program. However, this paper mainly deals with embedded systems which is outside of the standard application range.",,,,,,,,,,,,,,,,,,,,
8AGIZGXN,GXRX9RTC,B,Estimating power consumption of mobile embedded software based on behavioral model,"Kim, Jong-Phil; Kim, Doo-Hwan; Hong, Jang-Eui",2010 Digest of Technical Papers International Conference on Consumer Electronics (ICCE),,conference,2010,Paper measures the energy efficiency of software embedded systems modules. Paper deals mainly with embedded systems which is outside of the scope of this paper.,,,,,,,,,,,,,,,,,,,,
DC4J79Q4,2A3BQM5I,B,${$eDoctor$}$: Automatically Diagnosing Abnormal Battery Drain Issues on Smartphones,"Ma, Xiao; Huang, Peng; Jin, Xinxin; Wang, Pei; Park, Soyeon; Shen, Dongcai; Zhou, Yuanyuan; Saul, Lawrence K.; Voelker, Geoffrey M.",10th USENIX Symposium on Networked Systems Design and Implementation (NSDI 13),,conference,2013,"Paper proposes an app to allow users to see which of their apps is draining battery. However, this app is not directed to developers.",,,,,,,,,,,,,,,,,,,,
7JQUQ293,2A3BQM5I,B,Android power management: Current and future trends,"Datta, Soumya Kanti; Bonnet, Christian; Nikaein, Navid",2012 The First IEEE Workshop on Enabling Technologies for Smartphone and Internet of Things (ETSIoT),,conference,2012,Paper proposes app solutions that would scan a mobile phones energy usage patterns and manage the power usage depending on the user’s energy consumption patterns. Not application level energy efficiency tactics proposesd,,,,,,,,,,,,,,,,,,,,
36UCIU3U,2A3BQM5I,B,Reducing energy consumption of alarm-induced wake-ups on android smartphones,"Park, Sewook; Kim, Dongwon; Cha, Hojung",Proceedings of the 16th International Workshop on Mobile Computing Systems and Applications,,conference,2015,"Paper proposes AlarmScope, a system that classifies alarms into critical and non-critical alarms, and defers non-critical alarms. However, this paper deals with a system implemented at the OS level.",,,,,,,,,,,,,,,,,,,,
4K7PZNM9,2A3BQM5I,B,An empirical study of android alarm usage for application scheduling,"Almeida, Mario; Bilal, Muhammad; Blackburn, Jeremy; Papagiannaki, Konstantina",International Conference on Passive and Active Network Measurement,,conference,2016,"Paper investigates whether mobile applications on the Android platform are using the batch deferred alarm system employed by Android. They find that most applications do not employ such mechanism. However, this paper does not propose any tactics for energy energy efficiency.",,,,,,,,,,,,,,,,,,,,
XKKVE9UP,2A3BQM5I,B,Battery power saving profile with learning engine in Android phones,"Bala, Rimpy; Garg, Anu",International Journal of Computer Applications,,journal,2013,Paper proposes a machine learning model which can be used at the OS level of mobile devices to supply the phone with the minimal amount of energy needed to achieve its functions.,,,,,,,,,,,,,,,,,,,,
C6X5GQZN,2A3BQM5I,B,Optimizing smartphone power consumption through dynamic resolution scaling,"He, Songtao; Liu, Yunxin; Zhou, Hucheng",Proceedings of the 21st Annual International Conference on Mobile Computing and Networking,,conference,2015,Paper proposes a technique to automatically scale the UI of a smart phone based on the user’s distance to it.,,,,,,,,,,,,,,,,,,,,
YS844ZLI,2A3BQM5I,B,Energy-aware web browsing on smartphones,"Zhao, Bo; Hu, Wenjie; Zheng, Qiang; Cao, Guohong",IEEE Transactions on Parallel and Distributed Systems,,journal,2014,"Paper deals with several ways of making web browsing on mobile devices energy efficient. However, since web browsers are usually implemented by OS developers, this paper would fall outside of the standard application range.",,,,,,,,,,,,,,,,,,,,
7IMZMUSF,2A3BQM5I,B,Adaptive bitrate transcoding for power efficient video streaming in mobile devices,"Hemalatha, K.; Yadav, Praveen Kumar; Ramasubramanian, N.","2015 3rd International Conference on Signal Processing, Communication and Networking (ICSCN)",,conference,2015,"Paper proposes to use different bitrates for video streaming depending on the available bandwidth. However, this paper deals more with the transport layer, and thus is outside of the scope of this paper.",,,,,,,,,,,,,,,,,,,,
N6N37QQC,2A3BQM5I,B,Energy efficient multimedia streaming to mobile devices—A survey,"Hoque, Mohammad Ashraful; Siekkinen, Matti; Nurminen, Jukka K.",IEEE Communications Surveys & Tutorials,,journal,2012,"Paper deals more with video streaming protocols to improve energy efficiency, but it does not propose techniques at the application level for energy efficiency.",,,,,,,,,,,,,,,,,,,,
QQU43MBF,2A3BQM5I,B,Energy consumption anatomy of live video streaming from a smartphone,"Rajaraman, Swaminathan Vasanth; Siekkinen, Matti; Hoque, Mohammad A.","2014 IEEE 25th Annual International Symposium on Personal, Indoor, and Mobile Radio Communication (PIMRC)",,conference,2014,"Paper proposes to use frame bundling and dvfs to increase the energy efficiency of video applications. However, frame bundling and dvfs are both implemented at the OS level, and not at the application level.",,,,,,,,,,,,,,,,,,,,
ZDCWJUTL,2A3BQM5I,B,Energy efficient middleware: Design and development for mobile applications,"Almusalli, Fatimah Abdualaziz; Zaman, Noor; Rasool, Raihan",2017 19th International Conference on Advanced Communication Technology (ICACT),,conference,2017,"Paper proposes to use libraries to store data in the form of structure of array but allow the code to be written in the form of array of structure. However, there is a more recent paper proposed.",,,,,,,,,,,,,,,,,,,,
SE27RLEX,2A3BQM5I,B,An analysis of power consumption in a smartphone,"Carroll, Aaron; Heiser, Gernot",2010 USENIX Annual Technical Conference (USENIX ATC 10),,conference,2010,Paper does not deal with energy measuring at the application level.,,,,,,,,,,,,,,,,,,,,
3RZGVJWP,HFGU26NT,B,Dynamic memoization for energy efficiency in financial applications,"Agosta, Giovanni; Bessi, Marco; Capra, Eugenio; Francalanci, Chiara",2011 International Green Computing Conference and Workshops,,conference,2011,Paper automatically analyzes Java bytecode and performs optimizations on it. The optimizations of this paper are performed at the compiler/interpreter level and not at the application layer.,,,,,,,,,,,,,,,,,,,,
KKJCT5TB,HFGU26NT,B,A systematic literature review on green software metrics,"Bozzelli, Paolo; Gu, Qing; Lago, Patricia","VU University, Amsterdam",,journal,2013,"Paper does a SLR on green software metrics, however, it does not propose any tactics.",,,,,,,,,,,,,,,,,,,,
JRJ7TEIK,HFGU26NT,B,VMeter: Power modelling for virtualized clouds,"Bohra, Ata E. Husain; Chaudhary, Vipin","2010 ieee international symposium on parallel & distributed processing, workshops and phd forum (ipdpsw)",,conference,2010,"Paper proposes a VM metering framework, however this paper focuses solely on cloud providers",,,,,,,,,,,,,,,,,,,,
KMQFVDLD,HFGU26NT,B,RAPL: Memory power estimation and capping,"David, Howard; Gorbatov, Eugene; Hanebutte, Ulf R.; Khanna, Rahul; Le, Christian",2010 ACM/IEEE International Symposium on Low-Power Electronics and Design (ISLPED),,conference,2010,Paper is written only the perspective of cloud providers,,,,,,,,,,,,,,,,,,,,
SR5QBN8F,HFGU26NT,B,"GreenC5: An adaptive, energy-aware collection for green software development","Michanan, Junya; Dewri, Rinku; Rutherford, Matthew J.",Sustainable Computing: Informatics and Systems,,journal,2017,Paper is not peer reviewed,,,,,,,,,,,,,,,,,,,,
84K7BLJP,HFGU26NT,B,AxBench: A benchmark suite for approximate computing across the system stack,"Yazdanbakhsh, Amir; Mahajan, Divya; Lotfi-Kamran, Pejman; Esmaeilzadeh, Hadi",,,report,2016,"Paper focuses on the kernel and hardware level, not at the application level.",,,,,,,,,,,,,,,,,,,,
PHHZNSHP,HFGU26NT,B,Axilog: Language support for approximate hardware design,"Yazdanbakhsh, Amir; Mahajan, Divya; Thwaites, Bradley; Park, Jongse; Nagendrakumar, Anandhavel; Sethuraman, Sindhuja; Ramkrishnan, Kartik; Ravindran, Nishanthi; Jariwala, Rudra; Rahimi, Abbas","2015 Design, Automation & Test in Europe Conference & Exhibition (DATE)",,conference,2015,Paper is not application level,,,,,,,,,,,,,,,,,,,,
2253E34I,TN6IQC7E,B,Optimization of Energy Usage for Computer Systems by Effective Implementation of Green Computing,"Parmar, Vimal P.; Pandya, Apurva K.; Kumbharana, Dr CK",International Journal of Advanced Networking Applications (IJANA),,journal,2011,Paper does not propose specific application level energy efficiency tactics.,,,,,,,,,,,,,,,,,,,,
LZXKSNJG,YXRUR287,B,Introducing TPCx-HS: the first industry standard for benchmarking big data systems,"Nambiar, Raghunath; Poess, Meikel; Dey, Akon; Cao, Paul; Magdon-Ismail, Tariq; Da Ren, Qi; Bond, Andrew",Technology Conference on Performance Evaluation and Benchmarking,,conference,2014,"Paper proposes a benchmark for big data systems. The benchmark can also measure energy consumption. This paper however, falls outside of the standard application range.",,,,,,,,,,,,,,,,,,,,
9Y4AUHMJ,U2KEHF3V,B,Evaluating performance and power of object-oriented vs. procedural programming in embedded processors,"Chatzigeorgiou, Alexander; Stephanides, George",International Conference on Reliable Software Technologies,,conference,2002,Paper is written an embedded systems perspective.,,,,,,,,,,,,,,,,,,,,
YG9LRJKI,U2KEHF3V,B,The impact of MIS software on IT energy consumption,"Capra, Eugenio; Formenti, Giulia; Francalanci, Chiara; Gallazzi, Stefano",,,journal,2010,Paper is not available,,,,,,,,,,,,,,,,,,,,
33P89SCX,U2KEHF3V,B,Analyzing the energy efficiency of a database server,"Tsirogiannis, Dimitris; Harizopoulos, Stavros; Shah, Mehul A.",Proceedings of the 2010 ACM SIGMOD International Conference on Management of data,,conference,2010,Paper analyzes the energy consumption of database software in a data center context,,,,,,,,,,,,,,,,,,,,
PWRTLQF2,U2KEHF3V,B,Green IT: Everything starts from the software,"Capra, Eugenio; Merlo, Francesco",,,journal,2009,Paper not available,,,,,,,,,,,,,,,,,,,,
RBJRH5GG,U2KEHF3V,B,A roofline model of energy,"Choi, Jee Whan; Bedard, Daniel; Fowler, Robert; Vuduc, Richard",2013 IEEE 27th International Symposium on Parallel and Distributed Processing,,conference,2013,Paper deals with HPC which falls outside the standard application range.,,,,,,,,,,,,,,,,,,,,
MTE5IQRN,98DNPTFE,B,Energy aware database management,"Bunse, Christian; Höpfner, Hagen; Klingert, Sonja; Mansour, Essam; Roychoudhury, Suman",Energy-Efficient Data Centers,,book,2014,Book,,,,,,,,,,,,,,,,,,,,
R8VLTRKJ,LSBAJWP4,B,Tuning stacked auto-encoders for energy consumption prediction: a case study,"Öztürk, Muhammed Maruf",International Journal of Information Technology and Computer Science,,journal,2019,"Paper proposes machine learning as a way to improve prediction performance of energy consumption of processors. However, these savings are not applied at the application level.",,,,,,,,,,,,,,,,,,,,
VKLKFBAC,R2FNZSWN,B,Removing energy code smells with reengineering services,"Gottschalk, Marion; Josefiok, Mirco; Jelschen, Jan; Winter, Andreas",INFORMATIK 2012,,journal,2012,"This “paper motivated the application of software reengineering services for improving the energy consumption of applications.” (Gottschalk et al., 2012, p. 453)",,,,,,,,,,,,,,,,,,,,
ZJ923V9C,XY5NF3MV,B,The greensoft model: A reference model for green and sustainable software and its engineering,"Naumann, Stefan; Dick, Markus; Kern, Eva; Johann, Timo",Sustainable Computing: Informatics and Systems,,journal,2011,"Paper proposes a to incorporate sustainability metrics throughout the lifecycle of a software product. The framework also specifies what actions can be taken to improve energy efficiency and environmental sustainability at different points in the lifecycle. However, this falls into sustainability, and not energy efficiency specifically.",,,,,,,,,,,,,,,,,,,,
D6MBRAY4,NEG9D9ZD,B,Energy-efficient code by refactoring,"Gottschalk, Marion; Jelschen, Jan; Winter, Andreas","Softwaretechnik-Trends: Vol. 33, No. 2",,journal,2013,Paper proposes software energy efficiency tactics for mobile applications. Not peer reviewed,,,,,,,,,,,,,,,,,,,,
9WCVWCBM,KSR7NJ2X,B,On effective offloading services for resource-constrained mobile devices running heavier mobile internet applications,"Yang, Kun; Ou, Shumao; Chen, Hsiao-Hwa",IEEE communications magazine,,journal,2008,"Paper proposes an offloading service that can seamlessly offload some of the tasks of a mobile application from an MH to nearby, resource-rich PCs (called surrogates). Not energy efficiency related.",,,,,,,,,,,,,,,,,,,,
VWLZV33B,XY5NF3MV,B,A case based reasoning decision support model for Green ITIS diffusion in collaborative enterprise,"Anthony, Bokolo; Majid, Mazlina Abdul; Romli, Awanis",2016 IEEE Conference on Open Systems (ICOS),,conference,2016,"Paper proposes to use case based reasoning to introduce green software practices to applicable scenarios. However, it is not application level focused.",,,,,,,,,,,,,,,,,,,,
ACSAIG6B,WJC7DC24,B,"Mantis: Efficient predictions of execution time, energy usage, memory usage and network usage on smart mobile devices","Kwon, Yongin; Lee, Sangmin; Yi, Hayoon; Kwon, Donghyun; Yang, Seungjun; Chun, Byung-gon; Huang, Ling; Maniatis, Petros; Naik, Mayur; Paek, Yunheung",IEEE Transactions on Mobile Computing,,journal,2014,"Paper proposes a technique that uses ml and program analysis to compute the computational resource consumption of Android applications. However, this is not focused on energy efficiency.",,,,,,,,,,,,,,,,,,,,
H7SNVREK,JL65TSWG,B,Toward sustainable software engineering: NIER track,"Amsel, Nadine; Ibrahim, Zaid; Malik, Amir; Tomlinson, Bill",2011 33rd international conference on software engineering (ICSE),,conference,2011,"Paper proposes GreenTracker to measure the performance of the same categories of application software, for example different word processing programs. Hence, this tool is targeted towards users trying to find the energy consumption of their applications, but not to software developers.",,,,,,,,,,,,,,,,,,,,
ZN6ZE3MV,JL65TSWG,B,Software bloat and wasted joules: Is modularity a hurdle to green software?,"Bhattacharya, Suparna; Gopinath, Kanchi; Rajamani, Karthick; Gupta, Manish",Computer,,journal,2011,Paper investigates the relation between software bloat and energy consumption. The paper finds that software bloat leads to excess energy consumption and provides techniques to reduce software bloat.,,,,,,,,,,,,,,,,,,,,
96AV6UHT,RL4Q2U3X,B,A green computing based architecture comparison and analysis,"Zhong, Benjamin; Feng, Ming; Lung, Chung-Horng","2010 IEEE/ACM Int'l Conference on Green Computing and Communications & Int'l Conference on Cyber, Physical and Social Computing",,conference,2010,"Paper proposes an approach that can estimate the amount of energy a system consumes when running on a given CPU/processor. However, when the paper mention software architecture, they are talking from a kernel level software architecture, and thus is outside of the scope of this paper.",,,,,,,,,,,,,,,,,,,,
R9SS8YMA,S2IRVNC6,B,Method reallocation to reduce energy consumption: an implementation in android os,"Corral, Luis; Georgiev, Anton B.; Sillitti, Alberto; Succi, Giancarlo",Proceedings of the 29th Annual ACM Symposium on Applied Computing,,conference,2014,"Paper proposes to code at three different execution scopes (regular Java, Native Code and regular C, and investigated the energy consumed by each one to determine if changing the scope where a method is deployed leads to substantial savings in the energy consumed. However, there is an extended paper that was accepted as a primary paper.",,,,,,,,,,,,,,,,,,,,
PNTY5IT3,RL4Q2U3X,B,Green software development model: An approach towards sustainable software development,"Shenoy, Sanath S.; Eeratta, Raghavendra",2011 Annual IEEE India Conference,,conference,2011,"aper proposes software development practices both at the software application and business management level to increase environmental sustainability. However, this paper does not focus at the application level, but at the organization level.",,,,,,,,,,,,,,,,,,,,
G3ZYSY3H,JL65TSWG,B,A portable platform to estimate power consumption of software modules,"Bhardwaj, Abhishek; Saurav, Saket","2016 International Conference on VLSI Systems, Architectures, Technology and Applications (VLSI-SATA)",,conference,2016,"Paper proposes a portable energy consumption measuring platform to measure the energy consumption of embedded systems and mobile applications. However, the paper deals mainly with measuring the energy consumption of embedded systems, which is outside of the scope of this research.",,,,,,,,,,,,,,,,,,,,
QLG2922T,XY5NF3MV,B,Infusing Green: Requirements Engineering for Green In and Through Software Systems.,"Penzenstadler, Birgit",RE4SuSy@ RE,,conference,2014,"Paper proposes a checklist to include the objective of environmental sustainability in requirement engineering. However, this objective reaches outside of just energy efficiency into carbon emissions, and environmental business practices.",,,,,,,,,,,,,,,,,,,,
4CMZUS5R,2A3BQM5I,B,Bootstrapping energy debugging on smartphones: a first look at energy bugs in mobile devices,"Pathak, Abhinav; Hu, Y. Charlie; Zhang, Ming",Proceedings of the 10th ACM Workshop on Hot Topics in Networks,,conference,2011,"Paper introduces energy bugs in a mobile development context and proposes solutions to find bugs in application software. However, this paper is written from an overarching perspective which includes hardware and OS level ebugs.",,,,,,,,,,,,,,,,,,,,
5VHUYEF2,GXRX9RTC,B,"Definition, implementation and validation of energy code smells: an exploratory study on an embedded system","Vetro, Antonio; Ardito, Luca; Morisio, Maurizio",,,journal,2013,"Paper proposes the term of energy code smells, and proposes refactorings for them. However, this paper does not find that refactoring the energy smells bring any improvement to the code energy efficiency.",,,,,,,,,,,,,,,,,,,,
H3KEN2MH,5IT56E4B,B,Sustainable approaches and good practices in green software engineering,"Agarwal, Shalabh; Nath, Asoke; Chowdhury, Dipayan",International Journal of Research and Reviews in Computer Science,,journal,2012,"Paper proposes tactics that can be used at the development stage of application software. However, the paper focuses with the overarching theme of software environmental sustainability, which includes tactics that are outside of the scope of the current research.",,,,,,,,,,,,,,,,,,,,
DMW5F3AN,XY5NF3MV,B,A green model for sustainable software engineering,"Mahmoud, Sara S.; Ahmad, Imtiaz",International Journal of Software Engineering and Its Applications,,journal,2013,"Paper proposes a two step green software engineering model. The first step introduces development practices to achieve green software engineering, and the second step introduces measurements of the practices introduced in step one. However, the paper focuses on tactics that are both outside of energy efficient software and application level software, hence it is outside of the scope of the current research.",,,,,,,,,,,,,,,,,,,,
ZEXSKFT4,WJC7DC24,B,Energy consumption and privacy in mobile Web browsing: Individual issues and connected solutions,"D’Ambrosio, Salvatore; De Pasquale, Salvatore; Iannone, Gerardo; Malandrino, Delfina; Negro, Alberto; Patimo, Giovanni; Scarano, Vittorio; Spinelli, Raffaele",Sustainable Computing: Informatics and Systems,,journal,2016,"Paper proposes to block ads and trackers in web browsers to reduce energy consumption. However, the paper targets end users, and not software developers.",,,,,,,,,,,,,,,,,,,,
KJUHMVIN,2A3BQM5I,B,Comparing energy profilers for android,"Bakker, Alexander",21st Twente Student Conference on IT,,conference,2014,Paper compares usable energy consumption profilers for android applications. Not peer reviewed,,,,,,,,,,,,,,,,,,,,
2JR84UHM,XY5NF3MV,B,A model and selected instances of green and sustainable software,"Dick, Markus; Naumann, Stefan; Kuhn, Norbert","What kind of information society? Governance, virtuality, surveillance, sustainability, resilience",,book,2010,"Paper reviews software practices, and proposes techniques for software developers to apply at the web interface layer of application development. However, this paper’s focus is not only developers, but administrators and users as well. It also proposes techniques to improve sustainability as a whole, although it offers some concrete examples using energy efficiency.",,,,,,,,,,,,,,,,,,,,
NEINJTTY,XY5NF3MV,B,Web-based knowledge management model for managing and sharing green knowledge of software development in community of practice,"Abdullah, Rusli; Abdullah, Salfarina; Tee, Mcxin",2014 8th. Malaysian Software Engineering Conference (MySEC),,conference,2014,Paper proposes a web-based knowledge model for managing and sharing green software development knowledge applicable at all the stages of development.,,,,,,,,,,,,,,,,,,,,
E5BYLYGX,T6NUWEP4,B,Creating environmental awareness in service oriented software engineering,"Lago, Patricia; Jansen, Toon",International conference on service-oriented computing,,conference,2010,"Paper proposes the use of green metrics as a service to measure the impact of service based applications. However, the paper goes outside of energy efficiency and includes other sustainability tactics.",,,,,,,,,,,,,,,,,,,,
IF7DKF9J,XY5NF3MV,B,Green software engineering with agile methods,"Dick, Markus; Drangmeister, Jakob; Kern, Eva; Naumann, Stefan",2013 2nd international workshop on green and sustainable software (GREENS),,conference,2013,"Paper proposes to incorporate green and sustainable software enhancements to scrum. Although the authors were not able to corroborate whether the enhancements lead to more energy efficient software products. In addition, the authors focus on a broader sustainability sense rather than just on energy efficiency.",IF7DKF9J,XY5NF3MV,B,Green software engineering with agile methods,"Dick, Markus; Drangmeister, Jakob; Kern, Eva; Naumann, Stefan",2013 2nd international workshop on green and sustainable software (GREENS),,conference,2013,x,x,x,,,,,,,x,Paper proposes to incorporate green and sustainable software enhancements to scrum. Although the authors were not able to corroborate whether the enhancements lead to more energy efficient software products.
33GWM4AU,98DNPTFE,F,Quality-aware refactoring for early detection and resolution of energy deficiencies,"Reimann, Jan; Aßmann, Uwe",2013 IEEE/ACM 6th International Conference on Utility and Cloud Computing,,conference,2013,"Paper “proposes a metamodel and a generic architecture enabling developers to explicitly define relations between quality smells, qualities and refactorings.” (Reimann and Aßmann, 2013, p. 321). However, the paper does not deal an energy efficiency refactoring tool, but a tool that can refactor code from a “quality standpoint”. Energy efficiency can fall within this definition of quality, however, since the paper is more generic and can include other sorts of qualities, it will be excluded from this research. ",,,,,,,,,,,,,,,,,,,,
F6HHPG2U,98DNPTFE,F,Energy consumption analysis of image encoding and decoding algorithms,"Rashid, Mohammad; Ardito, Luca; Torchiano, Marco",2015 IEEE/ACM 4th International Workshop on Green and Sustainable Software,,conference,2015,"Paper proposes to use the JPEG image format to increase energy consumption. However, it is not application level, but deals with image codecs.",,,,,,,,,,,,,,,,,,,,
JJNVGK2S,2A3BQM5I,F,Middleware power saving scheme for mobile applications,"Jhanjhi, N. Z.; Almusalli, Fatimah Abdualaziz; Brohi, Sarfarz N.; Abdullah, Azween","2018 Fourth International Conference on Advances in Computing, Communication & Automation (ICACCA)",,conference,2018,"Extended version of “Energy Efficient Middleware: Design and Development for Mobile Applications” (Jhanjhi et al., 2018, p. 5) However, after secondary examination, this paper proposes energy efficiency at the compiler level",,,,,,,,,,,,,,,,,,,,
UWEQ6UBW,R2FNZSWN,F,Energyware engineering: techniques and tools for green software development,"Pereira, Rui Alexandre Afonso",,,thesis,2018,Not peer reviewed paper.,,,,,,,,,,,,,,,,,,,,
APJ59ZT3,T6NUWEP4,F,Designing for sustainability: lessons learned from four industrial projects,"Lago, Patricia; Verdecchia, Roberto; Condori-Fernandez, Nelly; Rahmadian, Eko; Sturm, Janina; van Nijnanten, Thijmen; Bosma, Rex; Debuysscher, Christophe; Ricardo, Paulo",Advances and New Trends in Environmental Informatics,,book,2021,Paper is not energy efficiency focused,,,,,,,,,,,,,,,,,,,,
8Q9VPMVH,T6NUWEP4,F,An action research for improving the sustainability assessment framework instruments,"Condori-Fernandez, Nelly; Lago, Patricia; Luaces, Miguel R.; Places, Ángeles S.",Sustainability,,journal,2020,Paper is not energy efficiency related.,,,,,,,,,,,,,,,,,,,,
KS4BP52L,T6NUWEP4,F,Towards a software sustainability-quality model: Insights from a multi-case study,"Condori-Fernandez, Nelly; Lago, Patricia",2019 13th International Conference on Research Challenges in Information Science (RCIS),,conference,2019,Not energy efficiency focused,,,,,,,,,,,,,,,,,,,,
N2MNDTCJ,T6NUWEP4,F,On reducing the energy consumption of software: From hurdles to requirements,"Ournani, Zakaria; Rouvoy, Romain; Rust, Pierre; Penhoat, Joel",Proceedings of the 14th ACM/IEEE International Symposium on Empirical Software Engineering and Measurement (ESEM),,conference,2020,"Paper interviews developers and finds the obstacles on adopting green software practices. However, it does not provide any methods at the application level.",,,,,,,,,,,,,,,,,,,,
RSP82PTJ,HFGU26NT,F,eGEN: An Energy-saving Modeling Language and Code Generator for Location-sensing of Mobile Apps,"Boyalakuntla, Kowndinya; Chimalakonda, Sridhar",arXiv preprint arXiv:2204.03858,,journal,2022,"Paper proposes “eGEN, a tool for modeling energy-aware self-adaptive behaviors of location-based mobile applications.” (Boyalakuntla and Chimalakonda, 2022, p. 24) However, it is not peer reviewed.",,,,,,,,,,,,,,,,,,,,
FZCHSVDE,HFGU26NT,F,Green Configuration: Can AI Help Reduce Energy Consumption of Configurable Software Systems?,"Siegmund, Norbert; Dorn, Johannes; Kaltenecker, Christian; Apel, Sven",,,journal,,"Paper analyzes “different kinds of ML techniques and how they can be applied to different use cases in energy optimization of configurable software systems.” (Siegmund et al., p. 2) However, they find that “ML alone is insufficient answering the questions of developers, especially when causal relationships need to be revealed” (Siegmund et al., p. 2). The paper also notes that there is no current method of combining white-box energy models to black box configuration models",,,,,,,,,,,,,,,,,,,,
EPEX8PP8,HFGU26NT,F,"SDK4ED: One-click platform for Energy-aware, Maintainable and Dependable Applications","Marantos, Charalampos; Siavvas, Miltiadis; Tsoukalas, Dimitrios; Lamprakos, Christos P.; Papadopoulos, Lazaros; Boryszko, Pawel; Filus, Katarzyna; Domańska, Joanna; Ampatzoglou, Apostolos; Chatzigeorgiou, Alexander","2022 Design, Automation & Test in Europe Conference & Exhibition (DATE)",,conference,2022,"Paper introduces a framework to aid developers towards energy efficiency throughout the software development process. However, this paper only focuses on developing embedded software, and thus falls outside of the scope of this paper.",,,,,,,,,,,,,,,,,,,,
WE248BU4,HFGU26NT,F,A flexible tool for estimating applications performance and energy consumption through static analysis,"Marantos, Charalampos; Salapas, Konstantinos; Papadopoulos, Lazaros; Soudris, Dimitrios",SN Computer Science,,journal,2021,"Paper proposes a “framework for supporting the estimation of performance and energy consumption of applications” (Marantos et al., 2021, p. 10) However, this paper focuses on embedded systems which fall outside of the standard application range.",,,,,,,,,,,,,,,,,,,,
22JIH3M3,HFGU26NT,F,A Predictive Model for Power Consumption Estimation Using Machine Learning,"Aboubakar, Moussa; Quenel, Ilhem; Ari, Ado Adamou Abba","2021 International Conference on Electrical, Computer and Energy Technologies (ICECET)",,conference,2021,Paper is written only from a cloud provider perspective.,,,,,,,,,,,,,,,,,,,,
JWVHCE5W,YBZBVBV7,F,Research on energy efficiency in cloud computing,"Hossain, Nazmul; Hossain, Md Alam; Islam, AKMF; Banarjee, Priyanka; Yasmin, Tahira",International Journal of Scientific and Engineering Research,,journal,2016,Paper is written only from the perspective of a cloud data center.,,,,,,,,,,,,,,,,,,,,
TUTAWRD7,YBZBVBV7,F,Power conserving resource allocation scheme with improved QoS to promote green cloud computing,"Geetha, P.; Robin, C. R.",Journal of Ambient Intelligence and Humanized Computing,,journal,2021,Paper not available (retracted),,,,,,,,,,,,,,,,,,,,
7SMQV4L6,YBZBVBV7,F,On Cost and Energy Efficiency of Security in Cloud Computing,"Thompson, A. F.; Olofinlade, F. V.; Bello, B.",International Journal of Computer Applications,,journal,,Paper is written from the perspective of cloud providers only.,,,,,,,,,,,,,,,,,,,,
GJB5Z4PP,YBZBVBV7,F,Review on Green Cloud Computing: A Step Towards Saving Global Environment,"Wankhede, Pallavi; Agrawal, Mr Nayan; Saini, Ms Jasneet Kaur",,,journal,,Paper is written from the perspective of a cloud provider only,,,,,,,,,,,,,,,,,,,,
6IF85Y4M,R2FNZSWN,F,Tales from the code# 1: The effective impact of code refactorings on software energy consumption,"Ournani, Zakaria; Rouvoy, Romain; Rust, Pierre; Penhoat, Joel",ICSOFT 2021-16th International Conference on Software Technologies,,conference,2021,"Paper analyzes code refactorings to open source repositories with more than 5 years in development and finds that code refactorings do not increase the energy consumption of applications. However, they do not propose energy efficient tactics.",,,,,,,,,,,,,,,,,,,,
LBUNIYSD,R2FNZSWN,F,An empirical investigation into code smell elimination sequences for energy efficient software,"Dhaka, Garima; Singh, Paramvir",2016 23rd Asia-Pacific Software Engineering Conference (APSEC),,conference,2016,"Paper analyzes the energy efficiency of an application after refactorings to some code smells have been applied. However, the authors do not propose any energy efficiency tactics.",,,,,,,,,,,,,,,,,,,,
TXPM4ZMX,R2FNZSWN,F,Tales from the Code# 2: A Detailed Assessment of Code Refactoring’s Impact on Energy Consumption,"Ournani, Zakaria; Rouvoy, Romain; Rust, Pierre; Penhoat, Joel",International Conference on Software Technologies,,conference,2022,Extension of Tales from the Code #1,,,,,,,,,,,,,,,,,,,,
NCP35YV8,2A3BQM5I,F,Information technology for evaluating the computer energy consumption at the stage of software development,"Stetsuyk, E. D.; Maevsky, D. A.; Maevskaya, E. J.; Shaporin, R. O.","Green IT Engineering: Social, Business and Industrial Applications",,book,2019,Book,,,,,,,,,,,,,,,,,,,,
RMKI7A9E,2A3BQM5I,F,Energy efficient power management modes for smartphone battery life conservation,"Sowells-Boone, Evelyn; Dave, Rushit; Chowdhury, Brinta; Brown, DeWayne",Proceedings of the Future Technologies Conference,,conference,2019,"Paper “proposes customizable power management modes to prioritize smartphone application access based on the users’ needs to conserve battery life.” (Sowells-Boone et al., 2019, p. 712) However they propose it at the OS level, not the application level",,,,,,,,,,,,,,,,,,,,
MPB7F5JW,2A3BQM5I,F,Energy harvesting models and techniques for green IoT: A review,"Muzafar, Saira",Role of IoT in Green Energy Systems,,journal,2021,Paper focuses on extracting energy from the environment to power IoT devices. Not application level software related,,,,,,,,,,,,,,,,,,,,
HL86IS4M,2A3BQM5I,F,A Review of the Efficiency of Smartphone Battery and Energy Usage in Technological Application for Sustainable Development,"EZE, BE; Olayiwola, J. O.",,,journal,2020,Paper proposes energy efficiency tactics from a user’s perspective such as uninstalling energy inefficient applications.,,,,,,,,,,,,,,,,,,,,
TQ6TH24X,S2IRVNC6,F,A task-centric mobile cloud-based system to enable energy-aware efficient offloading,"Boukerche, Azzedine; Guan, Shichao; De Grande, Robson Eduardo",IEEE Transactions on Sustainable Computing,,journal,2018,"Paper proposes a task-based scheduling system for offloading computations to cloudlets. However, it focuses on how to make the cloudlet energy efficient, as opposed of the application.",,,,,,,,,,,,,,,,,,,,
RVPLWAB7,S2IRVNC6,F,Sustainable text summarization over mobile devices: An energy-aware approach,"Hazra, Krishnandu; Ghosh, Tanmoy; Mukherjee, Avirup; Saha, Sujoy; Nandi, Subrata; Ghosh, Saptarshi; Chakraborty, Sandip",Sustainable Computing: Informatics and Systems,,journal,2021,Paper falls outside of standard application range.,,,,,,,,,,,,,,,,,,,,
TYEL3GGB,QRF2VWTV,F,Energy aware edge computing: A survey,"Jiang, Congfeng; Fan, Tiantian; Gao, Honghao; Shi, Weisong; Liu, Liangkai; Cérin, Christophe; Wan, Jian",Computer Communications,,journal,2020,"Paper reviews energy aware tactics at the edge. However, they do not deal with application software, but with how to maximize energy consumption at the edge.",,,,,,,,,,,,,,,,,,,,
H7AL9HF7,98DNPTFE,F,Sen ST*: Approaches for Reducing the Energy Consumption of Smartphone-Based Context Recognition,"Schirmer, Maximilian; Höpfner, Hagen",International and Interdisciplinary Conference on Modeling and Using Context,,conference,2011,"Paper proposes “a more generic approach for the energy-aware and smartphone-based recognition of context elements.” (Schirmer and Höpfner, 2011, p. 2) However, they do this at the OS level, and thus is outside of the scope of this paper.",,,,,,,,,,,,,,,,,,,,
T75FPZTT,98DNPTFE,F,Device-centric energy optimization for edge cloud offloading,"Tayade, Shreya; Rost, Peter; Maeder, Andreas; Schotten, Hans D.",GLOBECOM 2017-2017 IEEE Global Communications Conference,,conference,2017,"Paper “analyzes the trade-off between the energy consumption due to local processing, and offloading, in order to evaluate an optimal offloading decision.” (Tayade et al., 2017, p. 2) However, they do not apply this model at the application level.",,,,,,,,,,,,,,,,,,,,
MTE5IQRN,98DNPTFE,F,Energy aware database management,"Bunse, Christian; Höpfner, Hagen; Klingert, Sonja; Mansour, Essam; Roychoudhury, Suman",Energy-Efficient Data Centers,,book,2014,Book,,,,,,,,,,,,,,,,,,,,
LFW8HP4C,NEG9D9ZD,F,A framework for estimation and visualization of software energy consumption,"GHIGLIO, PIETRO",,,journal,2021,"Thesis, not peer reviewed.",,,,,,,,,,,,,,,,,,,,
Z6TNIXLL,WJC7DC24,F,Improving resource consumption in context-aware mobile applications through alternative architectural styles,"Ortiz, Guadalupe; Garcia-De-Prado, Alfonso; Berrocal, Javier; Hernández, Juan",IEEE Access,,journal,2019,"Paper looks at resource consumption of context aware applications from a data transmission and energy efficiency perspective, and this it falls out of the scope of this paper.",,,,,,,,,,,,,,,,,,,,
3HMIA2J4,WJC7DC24,F,A Novel Non-invasive Method to Measure Power Consumption on Smartphones,"de Sousa, Janislley O.; Fonseca, Gustavo C.; de Oliveira, José WA; Santos, Ricardo N.",2021 Brazilian Power Electronics Conference (COBEP),,conference,2021,"Paper proposes a novel approach to measuring energy consumption in Android devices. However, this paper focuses on hardware level measuring as opposed to application level.",,,,,,,,,,,,,,,,,,,,
S7MYXFXH,WJC7DC24,F,Early evaluation of mobile applications’ resource consumption and operating costs,"Berrocal, Javier; Garcia-Alonso, Jose; Fernandez, Pablo; Perez-Vereda, Alejandro; Hernandez, Juan; Canal, Carlos; Murillo, Juan Manuel; Ruiz-Cortes, Antonio",IEEE Access,,journal,2020,"Paper investigates how to effectively apply architectural changes, whether on mobile or servers, depending on the resource consumption boundaries of different stakeholders. However, this paper is not focused on energy efficiency, but on a combination of energy effciency, computational efficiency, data transimssion, and storage.",,,,,,,,,,,,,,,,,,,,
A6U8KU6U,YXRUR287,F,"A systematic review of energy management strategies for resource allocation in the cloud: Clustering, optimization and machine learning","Jayaprakash, Stanly; Nagarajan, Manikanda Devarajan; Prado, Rocío Pérez de; Subramanian, Sugumaran; Divakarachari, Parameshachari Bidare",Energies,,journal,2021,Paper is written only from the perspective of cloud providers.,,,,,,,,,,,,,,,,,,,,
4GHM25PL,8MGR82XA,F,An Empirical Study on the Impact of Android Code Smells on Resource Usage.,"Oliveira, Johnatan; Viggiato, Markos; Santos, Mateus F.; Figueiredo, Eduardo; Marques-Neto, Humberto",SEKE,,conference,2018,"Paper finds that refactoring the God Class, God Method and Feature Envy can increase the energy consumption of applications. However, they do not propose any energy efficiency tactics.",,,,,,,,,,,,,,,,,,,,
79LUCRUJ,8MGR82XA,F,An Empirical Investigation on the Effect of Code Smells on Resource Usage of Android Mobile Applications,"Alkandari, Mohammad A.; Kelkawi, Ali; Elish, Mahmoud O.",IEEE Access,,journal,2021,"Paper investigates the effects of code smells on resource usage. However, the paper points a clear distinction between energy efficiency and resource usage, putting it outside of the scope of this research.",,,,,,,,,,,,,,,,,,,,
2C3D97DC,TKSV4V8X,F,Context-aware energy-efficient applications for cyber-physical systems,"Horcas, Jose-Miguel; Pinto, Mónica; Fuentes, Lidia",Ad Hoc Networks,,journal,2019,"Paper focuses on cyber-physical systems, a subset of embedded systems and thus out of scope of this paper",,,,,,,,,,,,,,,,,,,,
E6QRUZJ3,TKSV4V8X,F,Towards Green Query Processing-Auditing Power Before Deploying,"Dembele, Simon Pierre; Bellatreche, Ladjel; Ordonez, Carlos",2020 IEEE International Conference on Big Data (Big Data),,conference,2020,"Paper proposes a green query processor, however, this paper falls outside of the standard application range.",,,,,,,,,,,,,,,,,,,,
WYRT3MMF,TKSV4V8X,F,Elaborating validation scenarios based on the context analysis and combinatorial method: example of the power-efficiency framework innomterics,"Ciancarini, Paolo; Kruglov, Artem; Sadovykh, Andrey; Succi, Giancarlo; Zuev, Evgeniy",Electronics,,journal,2020,Paper does not focus on energy efficiency.,,,,,,,,,,,,,,,,,,,,
BDGBPMRM,TKSV4V8X,F,Hadas green assistant: designing energy-efficient applications,"Gamez, Nadia; Pinto, Monica; Fuentes, Lidia",arXiv preprint arXiv:1612.08095,,journal,2016,Not peer reviewed,,,,,,,,,,,,,,,,,,,,
BRQ4BDG4,TKSV4V8X,F,A study on the influence of software and hardware features on program energy,"Rajan, Ajitha; Noureddine, Adel; Stratis, Panagiotis",Proceedings of the 10th ACM/IEEE International Symposium on Empirical Software Engineering and Measurement,,conference,2016,"Paper discusses the hardware architectural features that affect the energy consumption of desktop applications the most. These however are at the hardware, OS, and kernel level and not at the application level.",,,,,,,,,,,,,,,,,,,,
VNIQ8URT,TKSV4V8X,F,Green Software Products,"Jagroep, E. A.",,,thesis,2017,Thesis,,,,,,,,,,,,,,,,,,,,
J2UTRECX,TKSV4V8X,F,Impact of programming environments and practices on energy consumption,"Braams, Tycho L.",,,thesis,2020,Thesis,,,,,,,,,,,,,,,,,,,,
D5BIHC44,TKSV4V8X,F,Graph-Based Analysis of the Architectural Restructuring Impact on Energy Efficiency,"Khalfallah, Adel; Ahmed, Samir Ben",ICSEA 2019,,journal,2019,"Paper proposes to represent architectural elements as a graph and apply graph transformations at different architectural levels (application, hardware, network) to find the most energy efficient configuration. However, this paper does this at multiple levels, and hence is out of the scope of the application level.",,,,,,,,,,,,,,,,,,,,
85UXVGIZ,TKSV4V8X,F,Analysis of Architectural solutions Impact on Energy Consumption: Graph-Based Analysis,"Khil, Basma; Khalfallah, Adel; Ahmed, Samir Ben",2020 International Wireless Communications and Mobile Computing (IWCMC),,conference,2020,Extended version of Graph-Based Analysis of the Architectural Restructuring Impact on Energy Efficiency,,,,,,,,,,,,,,,,,,,,
Y2TG7T3H,TKSV4V8X,F,Developing a software engineer's energy-optimization decision support framework,"Manotas Gutiérrez, Irene",,,thesis,2017,Thesis,,,,,,,,,,,,,,,,,,,,
V2S8F46Q,TKSV4V8X,F,Static Analysis Driven Testing of Performance and Energy-consumption Properties of Software,"Banerjee, Abhijeet",,,thesis,2016,Thesis,,,,,,,,,,,,,,,,,,,,
2WJDLIVQ,TKSV4V8X,F,An Approach to Describe Design Pattern Structures for Sustainable Software Products,"Schmidt, Benno",Environmental Informatics,,conference,2021,"Paper considers design patterns that increase sustainability, not only at the environmental level, therefore, this paper falls outside of the scope of energy efficiency.",,,,,,,,,,,,,,,,,,,,
637MVSP2,TKSV4V8X,F,Multi-Dimensional Analysis of Software Power Consumptions in Multi-Core Architectures,"Colmant, Maxime",,,thesis,2016,Thesis,,,,,,,,,,,,,,,,,,,,
XHQJKDR2,TKSV4V8X,F,Engineering and incorporating sustainability into software development: A design pattern approach,"Leon Coello, Felipe Alberto",,,journal,2017,Thesis,,,,,,,,,,,,,,,,,,,,
KBEPF5KK,KSR7NJ2X,F,A Comprehensive Survey on Energy Consumption Analysis for NoSQL,"Shah, Monika; Kothari, Amit; Patel, Samir",Scalable Computing: Practice and Experience,,journal,2022,"Paper finds that NoSQL databases tend to be energy inefficient, but does not propose solutions at the standard application level.",,,,,,,,,,,,,,,,,,,,
6KW2PQLT,LSBAJWP4,F,Autonomous power management with double-Q reinforcement learning method,"Huang, Hui; Lin, Man; Yang, Laurence T.; Zhang, Qingchen",IEEE Transactions on Industrial Informatics,,journal,2019,Paper proposes using Q-learning to better use DVFS techniques. Not application level.,,,,,,,,,,,,,,,,,,,,
QQK2KNZC,LSBAJWP4,F,Energy consumption and hardware utilization of standard software: Methods and measurements for software sustainability,"Guldner, Achim; Garling, Marcel; Morgen, Marlies; Naumann, Stefan; Kern, Eva; Hilty, Lorenz M.",From Science to Society,,book,2018,Book section,,,,,,,,,,,,,,,,,,,,
78VNPDPV,LSBAJWP4,F,Data-Centric Green AI: An Exploratory Empirical Study,"Verdecchia, Roberto; Cruz, Luís; Sallou, June; Lin, Michelle; Wickenden, James; Hotellier, Estelle",arXiv preprint arXiv:2204.02766,,journal,2022,"Paper deals with green ai, which falls outside of the standard application range.",,,,,,,,,,,,,,,,,,,,
5DCHPLDA,LSBAJWP4,F,Supporting software developers in making energy saving decisions,"Couto, Marco Rafael Linhares",,,journal,2020,Thesis,,,,,,,,,,,,,,,,,,,,
C2ZL2YER,LSBAJWP4,F,WeaFQAs: A Software Product Line Approach for Customizing and Weaving Efficient Functional Quality Attributes,"Horcas Aguilera, Jose Miguel",,,journal,2018,Thesis,,,,,,,,,,,,,,,,,,,,